mx.metal.reset_peak_memory is deprecated and will be removed in a future version. Use mx.reset_peak_memory instead.
mx.metal.get_active_memory is deprecated and will be removed in a future version. Use mx.get_active_memory instead.
mx.metal.get_cache_memory is deprecated and will be removed in a future version. Use mx.get_cache_memory instead.
mx.metal.get_peak_memory is deprecated and will be removed in a future version. Use mx.get_peak_memory instead.
{"event": "progress", "mode": "m6-200000", "count": 200000, "stage": "prefill-start", "elapsed_wall_s": 0.0}
{"event": "progress", "case": "m6-200000", "segment": 0, "command_kind": "encode_rows", "layer": 0, "offset": 0, "rows": 8192, "absolute_start": 0, "C": 0, "E": 0, "D": 0, "T": 200000, "monotonic": 165611.69961875}
{"event": "progress", "case": "m6-200000", "segment": 0, "command_kind": "encode_rows", "layer": 0, "offset": 8192, "rows": 8192, "absolute_start": 8192, "C": 0, "E": 0, "D": 0, "T": 200000, "monotonic": 165611.699899041}
{"event": "progress", "case": "m6-200000", "segment": 0, "command_kind": "end_layer", "layer": 0, "offset": 0, "rows": 16384, "absolute_start": null, "C": 0, "E": 0, "D": 0, "T": 200000, "monotonic": 165611.699959166}
{"event": "progress", "case": "m6-200000", "segment": 0, "command_kind": "encode_rows", "layer": 1, "offset": 0, "rows": 8192, "absolute_start": 0, "C": 0, "E": 0, "D": 0, "T": 200000, "monotonic": 165613.304522666}
{"event": "progress", "case": "m6-200000", "segment": 0, "command_kind": "encode_rows", "layer": 1, "offset": 8192, "rows": 8192, "absolute_start": 8192, "C": 0, "E": 0, "D": 0, "T": 200000, "monotonic": 165613.625031375}
{"event": "progress", "case": "m6-200000", "segment": 0, "command_kind": "end_layer", "layer": 1, "offset": 0, "rows": 16384, "absolute_start": null, "C": 0, "E": 0, "D": 0, "T": 200000, "monotonic": 165613.625190708}
{"event": "progress", "case": "m6-200000", "segment": 0, "command_kind": "encode_rows", "layer": 2, "offset": 0, "rows": 8192, "absolute_start": 0, "C": 0, "E": 0, "D": 0, "T": 200000, "monotonic": 165614.2285475}
{"event": "progress", "case": "m6-200000", "segment": 0, "command_kind": "encode_rows", "layer": 2, "offset": 8192, "rows": 8192, "absolute_start": 8192, "C": 0, "E": 0, "D": 0, "T": 200000, "monotonic": 165614.509007666}
{"event": "progress", "case": "m6-200000", "segment": 0, "command_kind": "end_layer", "layer": 2, "offset": 0, "rows": 16384, "absolute_start": null, "C": 0, "E": 0, "D": 0, "T": 200000, "monotonic": 165614.509131916}
{"event": "progress", "case": "m6-200000", "segment": 0, "command_kind": "encode_rows", "layer": 3, "offset": 0, "rows": 8192, "absolute_start": 0, "C": 0, "E": 0, "D": 0, "T": 200000, "monotonic": 165614.509600958}
{"event": "progress", "case": "m6-200000", "segment": 0, "command_kind": "encode_rows", "layer": 3, "offset": 8192, "rows": 8192, "absolute_start": 8192, "C": 0, "E": 0, "D": 0, "T": 200000, "monotonic": 165614.509926208}
{"event": "progress", "case": "m6-200000", "segment": 0, "command_kind": "end_layer", "layer": 3, "offset": 0, "rows": 16384, "absolute_start": null, "C": 0, "E": 0, "D": 0, "T": 200000, "monotonic": 165614.509984208}
{"event": "progress", "case": "m6-200000", "segment": 0, "command_kind": "encode_rows", "layer": 4, "offset": 0, "rows": 8192, "absolute_start": 0, "C": 0, "E": 0, "D": 0, "T": 200000, "monotonic": 165614.5103825}
{"event": "progress", "case": "m6-200000", "segment": 0, "command_kind": "encode_rows", "layer": 4, "offset": 8192, "rows": 8192, "absolute_start": 8192, "C": 0, "E": 0, "D": 0, "T": 200000, "monotonic": 165614.51068225}
{"event": "progress", "case": "m6-200000", "segment": 0, "command_kind": "end_layer", "layer": 4, "offset": 0, "rows": 16384, "absolute_start": null, "C": 0, "E": 0, "D": 0, "T": 200000, "monotonic": 165614.510736083}
{"event": "progress", "case": "m6-200000", "segment": 0, "command_kind": "encode_rows", "layer": 5, "offset": 0, "rows": 8192, "absolute_start": 0, "C": 0, "E": 0, "D": 0, "T": 200000, "monotonic": 165614.511109333}
{"event": "progress", "case": "m6-200000", "segment": 0, "command_kind": "encode_rows", "layer": 5, "offset": 8192, "rows": 8192, "absolute_start": 8192, "C": 0, "E": 0, "D": 0, "T": 200000, "monotonic": 165614.511414833}
{"event": "progress", "case": "m6-200000", "segment": 0, "command_kind": "end_layer", "layer": 5, "offset": 0, "rows": 16384, "absolute_start": null, "C": 0, "E": 0, "D": 0, "T": 200000, "monotonic": 165614.511469833}
{"event": "progress", "case": "m6-200000", "segment": 0, "command_kind": "encode_rows", "layer": 6, "offset": 0, "rows": 8192, "absolute_start": 0, "C": 0, "E": 0, "D": 0, "T": 200000, "monotonic": 165614.51188225}
{"event": "progress", "case": "m6-200000", "segment": 0, "command_kind": "encode_rows", "layer": 6, "offset": 8192, "rows": 8192, "absolute_start": 8192, "C": 0, "E": 0, "D": 0, "T": 200000, "monotonic": 165614.512184041}
{"event": "progress", "case": "m6-200000", "segment": 0, "command_kind": "end_layer", "layer": 6, "offset": 0, "rows": 16384, "absolute_start": null, "C": 0, "E": 0, "D": 0, "T": 200000, "monotonic": 165614.512236208}
{"event": "progress", "case": "m6-200000", "segment": 0, "command_kind": "encode_rows", "layer": 7, "offset": 0, "rows": 8192, "absolute_start": 0, "C": 0, "E": 0, "D": 0, "T": 200000, "monotonic": 165614.512633708}
{"event": "progress", "case": "m6-200000", "segment": 0, "command_kind": "encode_rows", "layer": 7, "offset": 8192, "rows": 8192, "absolute_start": 8192, "C": 0, "E": 0, "D": 0, "T": 200000, "monotonic": 165614.512928958}
{"event": "progress", "case": "m6-200000", "segment": 0, "command_kind": "end_layer", "layer": 7, "offset": 0, "rows": 16384, "absolute_start": null, "C": 0, "E": 0, "D": 0, "T": 200000, "monotonic": 165614.512981625}
{"event": "progress", "case": "m6-200000", "segment": 0, "command_kind": "encode_rows", "layer": 8, "offset": 0, "rows": 8192, "absolute_start": 0, "C": 0, "E": 0, "D": 0, "T": 200000, "monotonic": 165619.098690166}
{"event": "progress", "case": "m6-200000", "segment": 0, "command_kind": "encode_rows", "layer": 8, "offset": 8192, "rows": 8192, "absolute_start": 8192, "C": 0, "E": 0, "D": 0, "T": 200000, "monotonic": 165619.419223125}
{"event": "progress", "case": "m6-200000", "segment": 0, "command_kind": "end_layer", "layer": 8, "offset": 0, "rows": 16384, "absolute_start": null, "C": 0, "E": 0, "D": 0, "T": 200000, "monotonic": 165619.419339375}
{"event": "progress", "case": "m6-200000", "segment": 0, "command_kind": "encode_rows", "layer": 9, "offset": 0, "rows": 8192, "absolute_start": 0, "C": 0, "E": 0, "D": 0, "T": 200000, "monotonic": 165619.419765208}
{"event": "progress", "case": "m6-200000", "segment": 0, "command_kind": "encode_rows", "layer": 9, "offset": 8192, "rows": 8192, "absolute_start": 8192, "C": 0, "E": 0, "D": 0, "T": 200000, "monotonic": 165619.420041375}
{"event": "progress", "case": "m6-200000", "segment": 0, "command_kind": "end_layer", "layer": 9, "offset": 0, "rows": 16384, "absolute_start": null, "C": 0, "E": 0, "D": 0, "T": 200000, "monotonic": 165619.420094833}
{"event": "progress", "case": "m6-200000", "segment": 0, "command_kind": "encode_rows", "layer": 10, "offset": 0, "rows": 8192, "absolute_start": 0, "C": 0, "E": 0, "D": 0, "T": 200000, "monotonic": 165619.42042175}
{"event": "progress", "case": "m6-200000", "segment": 0, "command_kind": "encode_rows", "layer": 10, "offset": 8192, "rows": 8192, "absolute_start": 8192, "C": 0, "E": 0, "D": 0, "T": 200000, "monotonic": 165619.420674041}
{"event": "progress", "case": "m6-200000", "segment": 0, "command_kind": "end_layer", "layer": 10, "offset": 0, "rows": 16384, "absolute_start": null, "C": 0, "E": 0, "D": 0, "T": 200000, "monotonic": 165619.420724166}
{"event": "progress", "case": "m6-200000", "segment": 0, "command_kind": "encode_rows", "layer": 11, "offset": 0, "rows": 8192, "absolute_start": 0, "C": 0, "E": 0, "D": 0, "T": 200000, "monotonic": 165619.421051708}
{"event": "progress", "case": "m6-200000", "segment": 0, "command_kind": "encode_rows", "layer": 11, "offset": 8192, "rows": 8192, "absolute_start": 8192, "C": 0, "E": 0, "D": 0, "T": 200000, "monotonic": 165619.421306291}
{"event": "progress", "case": "m6-200000", "segment": 0, "command_kind": "end_layer", "layer": 11, "offset": 0, "rows": 16384, "absolute_start": null, "C": 0, "E": 0, "D": 0, "T": 200000, "monotonic": 165619.421355166}
{"event": "progress", "case": "m6-200000", "segment": 0, "command_kind": "encode_rows", "layer": 12, "offset": 0, "rows": 8192, "absolute_start": 0, "C": 0, "E": 0, "D": 0, "T": 200000, "monotonic": 165619.421677333}
{"event": "progress", "case": "m6-200000", "segment": 0, "command_kind": "encode_rows", "layer": 12, "offset": 8192, "rows": 8192, "absolute_start": 8192, "C": 0, "E": 0, "D": 0, "T": 200000, "monotonic": 165619.421923166}
{"event": "progress", "case": "m6-200000", "segment": 0, "command_kind": "end_layer", "layer": 12, "offset": 0, "rows": 16384, "absolute_start": null, "C": 0, "E": 0, "D": 0, "T": 200000, "monotonic": 165619.421972875}
{"event": "progress", "case": "m6-200000", "segment": 0, "command_kind": "encode_rows", "layer": 13, "offset": 0, "rows": 8192, "absolute_start": 0, "C": 0, "E": 0, "D": 0, "T": 200000, "monotonic": 165619.422301583}
{"event": "progress", "case": "m6-200000", "segment": 0, "command_kind": "encode_rows", "layer": 13, "offset": 8192, "rows": 8192, "absolute_start": 8192, "C": 0, "E": 0, "D": 0, "T": 200000, "monotonic": 165619.422548166}
{"event": "progress", "case": "m6-200000", "segment": 0, "command_kind": "end_layer", "layer": 13, "offset": 0, "rows": 16384, "absolute_start": null, "C": 0, "E": 0, "D": 0, "T": 200000, "monotonic": 165619.422598458}
{"event": "progress", "case": "m6-200000", "segment": 0, "command_kind": "encode_rows", "layer": 14, "offset": 0, "rows": 8192, "absolute_start": 0, "C": 0, "E": 0, "D": 0, "T": 200000, "monotonic": 165624.800213208}
{"event": "progress", "case": "m6-200000", "segment": 0, "command_kind": "encode_rows", "layer": 14, "offset": 8192, "rows": 8192, "absolute_start": 8192, "C": 0, "E": 0, "D": 0, "T": 200000, "monotonic": 165625.269785541}
{"event": "progress", "case": "m6-200000", "segment": 0, "command_kind": "end_layer", "layer": 14, "offset": 0, "rows": 16384, "absolute_start": null, "C": 0, "E": 0, "D": 0, "T": 200000, "monotonic": 165625.269885458}
{"event": "progress", "case": "m6-200000", "segment": 0, "command_kind": "encode_rows", "layer": 15, "offset": 0, "rows": 8192, "absolute_start": 0, "C": 0, "E": 0, "D": 0, "T": 200000, "monotonic": 165625.270221541}
{"event": "progress", "case": "m6-200000", "segment": 0, "command_kind": "encode_rows", "layer": 15, "offset": 8192, "rows": 8192, "absolute_start": 8192, "C": 0, "E": 0, "D": 0, "T": 200000, "monotonic": 165625.270429916}
{"event": "progress", "case": "m6-200000", "segment": 0, "command_kind": "end_layer", "layer": 15, "offset": 0, "rows": 16384, "absolute_start": null, "C": 0, "E": 0, "D": 0, "T": 200000, "monotonic": 165625.270473333}
{"event": "progress", "case": "m6-200000", "segment": 0, "command_kind": "encode_rows", "layer": 16, "offset": 0, "rows": 8192, "absolute_start": 0, "C": 0, "E": 0, "D": 0, "T": 200000, "monotonic": 165625.2707385}
{"event": "progress", "case": "m6-200000", "segment": 0, "command_kind": "encode_rows", "layer": 16, "offset": 8192, "rows": 8192, "absolute_start": 8192, "C": 0, "E": 0, "D": 0, "T": 200000, "monotonic": 165625.270935916}
{"event": "progress", "case": "m6-200000", "segment": 0, "command_kind": "end_layer", "layer": 16, "offset": 0, "rows": 16384, "absolute_start": null, "C": 0, "E": 0, "D": 0, "T": 200000, "monotonic": 165625.270981583}
{"event": "progress", "case": "m6-200000", "segment": 0, "command_kind": "encode_rows", "layer": 17, "offset": 0, "rows": 8192, "absolute_start": 0, "C": 0, "E": 0, "D": 0, "T": 200000, "monotonic": 165625.271241041}
{"event": "progress", "case": "m6-200000", "segment": 0, "command_kind": "encode_rows", "layer": 17, "offset": 8192, "rows": 8192, "absolute_start": 8192, "C": 0, "E": 0, "D": 0, "T": 200000, "monotonic": 165625.271434291}
{"event": "progress", "case": "m6-200000", "segment": 0, "command_kind": "end_layer", "layer": 17, "offset": 0, "rows": 16384, "absolute_start": null, "C": 0, "E": 0, "D": 0, "T": 200000, "monotonic": 165625.271479}
{"event": "progress", "case": "m6-200000", "segment": 0, "command_kind": "encode_rows", "layer": 18, "offset": 0, "rows": 8192, "absolute_start": 0, "C": 0, "E": 0, "D": 0, "T": 200000, "monotonic": 165625.271723375}
{"event": "progress", "case": "m6-200000", "segment": 0, "command_kind": "encode_rows", "layer": 18, "offset": 8192, "rows": 8192, "absolute_start": 8192, "C": 0, "E": 0, "D": 0, "T": 200000, "monotonic": 165625.271912583}
{"event": "progress", "case": "m6-200000", "segment": 0, "command_kind": "end_layer", "layer": 18, "offset": 0, "rows": 16384, "absolute_start": null, "C": 0, "E": 0, "D": 0, "T": 200000, "monotonic": 165625.271954041}
{"event": "progress", "case": "m6-200000", "segment": 0, "command_kind": "encode_rows", "layer": 19, "offset": 0, "rows": 8192, "absolute_start": 0, "C": 0, "E": 0, "D": 0, "T": 200000, "monotonic": 165625.272205458}
{"event": "progress", "case": "m6-200000", "segment": 0, "command_kind": "encode_rows", "layer": 19, "offset": 8192, "rows": 8192, "absolute_start": 8192, "C": 0, "E": 0, "D": 0, "T": 200000, "monotonic": 165625.272402291}
{"event": "progress", "case": "m6-200000", "segment": 0, "command_kind": "end_layer", "layer": 19, "offset": 0, "rows": 16384, "absolute_start": null, "C": 0, "E": 0, "D": 0, "T": 200000, "monotonic": 165625.2724455}
{"event": "progress", "case": "m6-200000", "segment": 0, "command_kind": "p6_source_complete_and_detach_cone", "layer": null, "offset": 0, "rows": 0, "absolute_start": null, "C": 0, "E": 0, "D": 0, "T": 200000, "monotonic": 165629.7307045}
{"segment": {"seq": 0, "mode": "ENCODER_SOURCE_ONLY", "start": 0, "count": 16384, "elapsed_wall_s": 18.03926266700728, "effective_tokens_per_s": 908.2411128679526, "C": 0, "E": 16384, "D": 0, "T": 200000, "last_completed_command": "encoder_only_complete_still_invalid", "last_completed_layer": null, "records": 147, "p7": {"enabled": true, "prefetch_submissions": 16, "logical_match_consumptions": 16, "donor_observed_consumptions": 16, "fallback_mismatches": 0, "drains": 1, "read_ahead_already_ready": 20}, "source_generations": {"20": 1}, "public_frontiers_head": [0, 0, 0, 0]}}
{"event": "progress", "case": "m6-200000", "segment": 1, "command_kind": "encode_rows", "layer": 0, "offset": 0, "rows": 8192, "absolute_start": 16384, "C": 0, "E": 16384, "D": 0, "T": 200000, "monotonic": 165629.736696875}
{"event": "progress", "case": "m6-200000", "segment": 1, "command_kind": "encode_rows", "layer": 0, "offset": 8192, "rows": 8192, "absolute_start": 24576, "C": 0, "E": 16384, "D": 0, "T": 200000, "monotonic": 165629.736921333}
{"event": "progress", "case": "m6-200000", "segment": 1, "command_kind": "end_layer", "layer": 0, "offset": 0, "rows": 16384, "absolute_start": null, "C": 0, "E": 16384, "D": 0, "T": 200000, "monotonic": 165629.736969125}
{"event": "progress", "case": "m6-200000", "segment": 1, "command_kind": "encode_rows", "layer": 1, "offset": 0, "rows": 8192, "absolute_start": 16384, "C": 0, "E": 16384, "D": 0, "T": 200000, "monotonic": 165630.590364916}
{"event": "progress", "case": "m6-200000", "segment": 1, "command_kind": "encode_rows", "layer": 1, "offset": 8192, "rows": 8192, "absolute_start": 24576, "C": 0, "E": 16384, "D": 0, "T": 200000, "monotonic": 165630.901112125}
{"event": "progress", "case": "m6-200000", "segment": 1, "command_kind": "end_layer", "layer": 1, "offset": 0, "rows": 16384, "absolute_start": null, "C": 0, "E": 16384, "D": 0, "T": 200000, "monotonic": 165630.901244458}
{"event": "progress", "case": "m6-200000", "segment": 1, "command_kind": "encode_rows", "layer": 2, "offset": 0, "rows": 8192, "absolute_start": 16384, "C": 0, "E": 16384, "D": 0, "T": 200000, "monotonic": 165631.59470825}
{"event": "progress", "case": "m6-200000", "segment": 1, "command_kind": "encode_rows", "layer": 2, "offset": 8192, "rows": 8192, "absolute_start": 24576, "C": 0, "E": 16384, "D": 0, "T": 200000, "monotonic": 165631.960985583}
{"event": "progress", "case": "m6-200000", "segment": 1, "command_kind": "end_layer", "layer": 2, "offset": 0, "rows": 16384, "absolute_start": null, "C": 0, "E": 16384, "D": 0, "T": 200000, "monotonic": 165631.961082416}
{"event": "progress", "case": "m6-200000", "segment": 1, "command_kind": "encode_rows", "layer": 3, "offset": 0, "rows": 8192, "absolute_start": 16384, "C": 0, "E": 16384, "D": 0, "T": 200000, "monotonic": 165631.961356583}
{"event": "progress", "case": "m6-200000", "segment": 1, "command_kind": "encode_rows", "layer": 3, "offset": 8192, "rows": 8192, "absolute_start": 24576, "C": 0, "E": 16384, "D": 0, "T": 200000, "monotonic": 165631.961562875}
{"event": "progress", "case": "m6-200000", "segment": 1, "command_kind": "end_layer", "layer": 3, "offset": 0, "rows": 16384, "absolute_start": null, "C": 0, "E": 16384, "D": 0, "T": 200000, "monotonic": 165631.961605791}
{"event": "progress", "case": "m6-200000", "segment": 1, "command_kind": "encode_rows", "layer": 4, "offset": 0, "rows": 8192, "absolute_start": 16384, "C": 0, "E": 16384, "D": 0, "T": 200000, "monotonic": 165631.9618235}
{"event": "progress", "case": "m6-200000", "segment": 1, "command_kind": "encode_rows", "layer": 4, "offset": 8192, "rows": 8192, "absolute_start": 24576, "C": 0, "E": 16384, "D": 0, "T": 200000, "monotonic": 165631.962021125}
{"event": "progress", "case": "m6-200000", "segment": 1, "command_kind": "end_layer", "layer": 4, "offset": 0, "rows": 16384, "absolute_start": null, "C": 0, "E": 16384, "D": 0, "T": 200000, "monotonic": 165631.962063791}
{"event": "progress", "case": "m6-200000", "segment": 1, "command_kind": "encode_rows", "layer": 5, "offset": 0, "rows": 8192, "absolute_start": 16384, "C": 0, "E": 16384, "D": 0, "T": 200000, "monotonic": 165631.962282416}
{"event": "progress", "case": "m6-200000", "segment": 1, "command_kind": "encode_rows", "layer": 5, "offset": 8192, "rows": 8192, "absolute_start": 24576, "C": 0, "E": 16384, "D": 0, "T": 200000, "monotonic": 165631.962469875}
{"event": "progress", "case": "m6-200000", "segment": 1, "command_kind": "end_layer", "layer": 5, "offset": 0, "rows": 16384, "absolute_start": null, "C": 0, "E": 16384, "D": 0, "T": 200000, "monotonic": 165631.9625115}
{"event": "progress", "case": "m6-200000", "segment": 1, "command_kind": "encode_rows", "layer": 6, "offset": 0, "rows": 8192, "absolute_start": 16384, "C": 0, "E": 16384, "D": 0, "T": 200000, "monotonic": 165631.962725291}
{"event": "progress", "case": "m6-200000", "segment": 1, "command_kind": "encode_rows", "layer": 6, "offset": 8192, "rows": 8192, "absolute_start": 24576, "C": 0, "E": 16384, "D": 0, "T": 200000, "monotonic": 165631.962910125}
{"event": "progress", "case": "m6-200000", "segment": 1, "command_kind": "end_layer", "layer": 6, "offset": 0, "rows": 16384, "absolute_start": null, "C": 0, "E": 16384, "D": 0, "T": 200000, "monotonic": 165631.962951541}
{"event": "progress", "case": "m6-200000", "segment": 1, "command_kind": "encode_rows", "layer": 7, "offset": 0, "rows": 8192, "absolute_start": 16384, "C": 0, "E": 16384, "D": 0, "T": 200000, "monotonic": 165631.963169958}
{"event": "progress", "case": "m6-200000", "segment": 1, "command_kind": "encode_rows", "layer": 7, "offset": 8192, "rows": 8192, "absolute_start": 24576, "C": 0, "E": 16384, "D": 0, "T": 200000, "monotonic": 165631.963367208}
{"event": "progress", "case": "m6-200000", "segment": 1, "command_kind": "end_layer", "layer": 7, "offset": 0, "rows": 16384, "absolute_start": null, "C": 0, "E": 16384, "D": 0, "T": 200000, "monotonic": 165631.963408875}
{"event": "progress", "case": "m6-200000", "segment": 1, "command_kind": "encode_rows", "layer": 8, "offset": 0, "rows": 8192, "absolute_start": 16384, "C": 0, "E": 16384, "D": 0, "T": 200000, "monotonic": 165636.647337666}
{"event": "progress", "case": "m6-200000", "segment": 1, "command_kind": "encode_rows", "layer": 8, "offset": 8192, "rows": 8192, "absolute_start": 24576, "C": 0, "E": 16384, "D": 0, "T": 200000, "monotonic": 165637.005632958}
{"event": "progress", "case": "m6-200000", "segment": 1, "command_kind": "end_layer", "layer": 8, "offset": 0, "rows": 16384, "absolute_start": null, "C": 0, "E": 16384, "D": 0, "T": 200000, "monotonic": 165637.005729958}
{"event": "progress", "case": "m6-200000", "segment": 1, "command_kind": "encode_rows", "layer": 9, "offset": 0, "rows": 8192, "absolute_start": 16384, "C": 0, "E": 16384, "D": 0, "T": 200000, "monotonic": 165637.00599325}
{"event": "progress", "case": "m6-200000", "segment": 1, "command_kind": "encode_rows", "layer": 9, "offset": 8192, "rows": 8192, "absolute_start": 24576, "C": 0, "E": 16384, "D": 0, "T": 200000, "monotonic": 165637.006191208}
{"event": "progress", "case": "m6-200000", "segment": 1, "command_kind": "end_layer", "layer": 9, "offset": 0, "rows": 16384, "absolute_start": null, "C": 0, "E": 16384, "D": 0, "T": 200000, "monotonic": 165637.006232458}
{"event": "progress", "case": "m6-200000", "segment": 1, "command_kind": "encode_rows", "layer": 10, "offset": 0, "rows": 8192, "absolute_start": 16384, "C": 0, "E": 16384, "D": 0, "T": 200000, "monotonic": 165637.0064545}
{"event": "progress", "case": "m6-200000", "segment": 1, "command_kind": "encode_rows", "layer": 10, "offset": 8192, "rows": 8192, "absolute_start": 24576, "C": 0, "E": 16384, "D": 0, "T": 200000, "monotonic": 165637.006645541}
{"event": "progress", "case": "m6-200000", "segment": 1, "command_kind": "end_layer", "layer": 10, "offset": 0, "rows": 16384, "absolute_start": null, "C": 0, "E": 16384, "D": 0, "T": 200000, "monotonic": 165637.006686208}
{"event": "progress", "case": "m6-200000", "segment": 1, "command_kind": "encode_rows", "layer": 11, "offset": 0, "rows": 8192, "absolute_start": 16384, "C": 0, "E": 16384, "D": 0, "T": 200000, "monotonic": 165637.006904916}
{"event": "progress", "case": "m6-200000", "segment": 1, "command_kind": "encode_rows", "layer": 11, "offset": 8192, "rows": 8192, "absolute_start": 24576, "C": 0, "E": 16384, "D": 0, "T": 200000, "monotonic": 165637.007096791}
{"event": "progress", "case": "m6-200000", "segment": 1, "command_kind": "end_layer", "layer": 11, "offset": 0, "rows": 16384, "absolute_start": null, "C": 0, "E": 16384, "D": 0, "T": 200000, "monotonic": 165637.007138166}
{"event": "progress", "case": "m6-200000", "segment": 1, "command_kind": "encode_rows", "layer": 12, "offset": 0, "rows": 8192, "absolute_start": 16384, "C": 0, "E": 16384, "D": 0, "T": 200000, "monotonic": 165637.007354375}
{"event": "progress", "case": "m6-200000", "segment": 1, "command_kind": "encode_rows", "layer": 12, "offset": 8192, "rows": 8192, "absolute_start": 24576, "C": 0, "E": 16384, "D": 0, "T": 200000, "monotonic": 165637.00754225}
{"event": "progress", "case": "m6-200000", "segment": 1, "command_kind": "end_layer", "layer": 12, "offset": 0, "rows": 16384, "absolute_start": null, "C": 0, "E": 16384, "D": 0, "T": 200000, "monotonic": 165637.007583958}
{"event": "progress", "case": "m6-200000", "segment": 1, "command_kind": "encode_rows", "layer": 13, "offset": 0, "rows": 8192, "absolute_start": 16384, "C": 0, "E": 16384, "D": 0, "T": 200000, "monotonic": 165637.007796375}
{"event": "progress", "case": "m6-200000", "segment": 1, "command_kind": "encode_rows", "layer": 13, "offset": 8192, "rows": 8192, "absolute_start": 24576, "C": 0, "E": 16384, "D": 0, "T": 200000, "monotonic": 165637.007984041}
{"event": "progress", "case": "m6-200000", "segment": 1, "command_kind": "end_layer", "layer": 13, "offset": 0, "rows": 16384, "absolute_start": null, "C": 0, "E": 16384, "D": 0, "T": 200000, "monotonic": 165637.008026041}
{"event": "progress", "case": "m6-200000", "segment": 1, "command_kind": "encode_rows", "layer": 14, "offset": 0, "rows": 8192, "absolute_start": 16384, "C": 0, "E": 16384, "D": 0, "T": 200000, "monotonic": 165641.885559333}
{"event": "progress", "case": "m6-200000", "segment": 1, "command_kind": "encode_rows", "layer": 14, "offset": 8192, "rows": 8192, "absolute_start": 24576, "C": 0, "E": 16384, "D": 0, "T": 200000, "monotonic": 165642.429284833}
{"event": "progress", "case": "m6-200000", "segment": 1, "command_kind": "end_layer", "layer": 14, "offset": 0, "rows": 16384, "absolute_start": null, "C": 0, "E": 16384, "D": 0, "T": 200000, "monotonic": 165642.4293815}
{"event": "progress", "case": "m6-200000", "segment": 1, "command_kind": "encode_rows", "layer": 15, "offset": 0, "rows": 8192, "absolute_start": 16384, "C": 0, "E": 16384, "D": 0, "T": 200000, "monotonic": 165642.429649083}
{"event": "progress", "case": "m6-200000", "segment": 1, "command_kind": "encode_rows", "layer": 15, "offset": 8192, "rows": 8192, "absolute_start": 24576, "C": 0, "E": 16384, "D": 0, "T": 200000, "monotonic": 165642.429851541}
{"event": "progress", "case": "m6-200000", "segment": 1, "command_kind": "end_layer", "layer": 15, "offset": 0, "rows": 16384, "absolute_start": null, "C": 0, "E": 16384, "D": 0, "T": 200000, "monotonic": 165642.429896458}
{"event": "progress", "case": "m6-200000", "segment": 1, "command_kind": "encode_rows", "layer": 16, "offset": 0, "rows": 8192, "absolute_start": 16384, "C": 0, "E": 16384, "D": 0, "T": 200000, "monotonic": 165642.430111916}
{"event": "progress", "case": "m6-200000", "segment": 1, "command_kind": "encode_rows", "layer": 16, "offset": 8192, "rows": 8192, "absolute_start": 24576, "C": 0, "E": 16384, "D": 0, "T": 200000, "monotonic": 165642.430296416}
{"event": "progress", "case": "m6-200000", "segment": 1, "command_kind": "end_layer", "layer": 16, "offset": 0, "rows": 16384, "absolute_start": null, "C": 0, "E": 16384, "D": 0, "T": 200000, "monotonic": 165642.430338166}
{"event": "progress", "case": "m6-200000", "segment": 1, "command_kind": "encode_rows", "layer": 17, "offset": 0, "rows": 8192, "absolute_start": 16384, "C": 0, "E": 16384, "D": 0, "T": 200000, "monotonic": 165642.430556708}
{"event": "progress", "case": "m6-200000", "segment": 1, "command_kind": "encode_rows", "layer": 17, "offset": 8192, "rows": 8192, "absolute_start": 24576, "C": 0, "E": 16384, "D": 0, "T": 200000, "monotonic": 165642.430748333}
{"event": "progress", "case": "m6-200000", "segment": 1, "command_kind": "end_layer", "layer": 17, "offset": 0, "rows": 16384, "absolute_start": null, "C": 0, "E": 16384, "D": 0, "T": 200000, "monotonic": 165642.430790375}
{"event": "progress", "case": "m6-200000", "segment": 1, "command_kind": "encode_rows", "layer": 18, "offset": 0, "rows": 8192, "absolute_start": 16384, "C": 0, "E": 16384, "D": 0, "T": 200000, "monotonic": 165642.431002833}
{"event": "progress", "case": "m6-200000", "segment": 1, "command_kind": "encode_rows", "layer": 18, "offset": 8192, "rows": 8192, "absolute_start": 24576, "C": 0, "E": 16384, "D": 0, "T": 200000, "monotonic": 165642.431192875}
{"event": "progress", "case": "m6-200000", "segment": 1, "command_kind": "end_layer", "layer": 18, "offset": 0, "rows": 16384, "absolute_start": null, "C": 0, "E": 16384, "D": 0, "T": 200000, "monotonic": 165642.431233416}
{"event": "progress", "case": "m6-200000", "segment": 1, "command_kind": "encode_rows", "layer": 19, "offset": 0, "rows": 8192, "absolute_start": 16384, "C": 0, "E": 16384, "D": 0, "T": 200000, "monotonic": 165642.431443625}
{"event": "progress", "case": "m6-200000", "segment": 1, "command_kind": "encode_rows", "layer": 19, "offset": 8192, "rows": 8192, "absolute_start": 24576, "C": 0, "E": 16384, "D": 0, "T": 200000, "monotonic": 165642.431629291}
{"event": "progress", "case": "m6-200000", "segment": 1, "command_kind": "end_layer", "layer": 19, "offset": 0, "rows": 16384, "absolute_start": null, "C": 0, "E": 16384, "D": 0, "T": 200000, "monotonic": 165642.431670958}
{"event": "progress", "case": "m6-200000", "segment": 1, "command_kind": "p6_source_complete_and_detach_cone", "layer": null, "offset": 0, "rows": 0, "absolute_start": null, "C": 0, "E": 16384, "D": 0, "T": 200000, "monotonic": 165646.896020875}
{"segment": {"seq": 1, "mode": "ENCODER_SOURCE_ONLY", "start": 16384, "count": 16384, "elapsed_wall_s": 17.165326249989448, "effective_tokens_per_s": 954.4822953778738, "C": 0, "E": 32768, "D": 0, "T": 200000, "last_completed_command": "encoder_only_complete_still_invalid", "last_completed_layer": null, "records": 147, "p7": {"enabled": true, "prefetch_submissions": 16, "logical_match_consumptions": 16, "donor_observed_consumptions": 16, "fallback_mismatches": 0, "drains": 1, "read_ahead_already_ready": 20}, "source_generations": {"20": 2}, "public_frontiers_head": [0, 0, 0, 0]}}
{"event": "progress", "case": "m6-200000", "segment": 2, "command_kind": "encode_rows", "layer": 0, "offset": 0, "rows": 8192, "absolute_start": 32768, "C": 0, "E": 32768, "D": 0, "T": 200000, "monotonic": 165646.901560333}
{"event": "progress", "case": "m6-200000", "segment": 2, "command_kind": "encode_rows", "layer": 0, "offset": 8192, "rows": 8192, "absolute_start": 40960, "C": 0, "E": 32768, "D": 0, "T": 200000, "monotonic": 165646.901799458}
{"event": "progress", "case": "m6-200000", "segment": 2, "command_kind": "end_layer", "layer": 0, "offset": 0, "rows": 16384, "absolute_start": null, "C": 0, "E": 32768, "D": 0, "T": 200000, "monotonic": 165646.901850791}
{"event": "progress", "case": "m6-200000", "segment": 2, "command_kind": "encode_rows", "layer": 1, "offset": 0, "rows": 8192, "absolute_start": 32768, "C": 0, "E": 32768, "D": 0, "T": 200000, "monotonic": 165647.754930708}
{"event": "progress", "case": "m6-200000", "segment": 2, "command_kind": "encode_rows", "layer": 1, "offset": 8192, "rows": 8192, "absolute_start": 40960, "C": 0, "E": 32768, "D": 0, "T": 200000, "monotonic": 165648.0668945}
{"event": "progress", "case": "m6-200000", "segment": 2, "command_kind": "end_layer", "layer": 1, "offset": 0, "rows": 16384, "absolute_start": null, "C": 0, "E": 32768, "D": 0, "T": 200000, "monotonic": 165648.067050541}
{"event": "progress", "case": "m6-200000", "segment": 2, "command_kind": "encode_rows", "layer": 2, "offset": 0, "rows": 8192, "absolute_start": 32768, "C": 0, "E": 32768, "D": 0, "T": 200000, "monotonic": 165648.84136675}
{"event": "progress", "case": "m6-200000", "segment": 2, "command_kind": "encode_rows", "layer": 2, "offset": 8192, "rows": 8192, "absolute_start": 40960, "C": 0, "E": 32768, "D": 0, "T": 200000, "monotonic": 165649.309605833}
{"event": "progress", "case": "m6-200000", "segment": 2, "command_kind": "end_layer", "layer": 2, "offset": 0, "rows": 16384, "absolute_start": null, "C": 0, "E": 32768, "D": 0, "T": 200000, "monotonic": 165649.309696666}
{"event": "progress", "case": "m6-200000", "segment": 2, "command_kind": "encode_rows", "layer": 3, "offset": 0, "rows": 8192, "absolute_start": 32768, "C": 0, "E": 32768, "D": 0, "T": 200000, "monotonic": 165649.309960375}
{"event": "progress", "case": "m6-200000", "segment": 2, "command_kind": "encode_rows", "layer": 3, "offset": 8192, "rows": 8192, "absolute_start": 40960, "C": 0, "E": 32768, "D": 0, "T": 200000, "monotonic": 165649.310165666}
{"event": "progress", "case": "m6-200000", "segment": 2, "command_kind": "end_layer", "layer": 3, "offset": 0, "rows": 16384, "absolute_start": null, "C": 0, "E": 32768, "D": 0, "T": 200000, "monotonic": 165649.310212208}
{"event": "progress", "case": "m6-200000", "segment": 2, "command_kind": "encode_rows", "layer": 4, "offset": 0, "rows": 8192, "absolute_start": 32768, "C": 0, "E": 32768, "D": 0, "T": 200000, "monotonic": 165649.310436}
{"event": "progress", "case": "m6-200000", "segment": 2, "command_kind": "encode_rows", "layer": 4, "offset": 8192, "rows": 8192, "absolute_start": 40960, "C": 0, "E": 32768, "D": 0, "T": 200000, "monotonic": 165649.310627375}
{"event": "progress", "case": "m6-200000", "segment": 2, "command_kind": "end_layer", "layer": 4, "offset": 0, "rows": 16384, "absolute_start": null, "C": 0, "E": 32768, "D": 0, "T": 200000, "monotonic": 165649.310670708}
{"event": "progress", "case": "m6-200000", "segment": 2, "command_kind": "encode_rows", "layer": 5, "offset": 0, "rows": 8192, "absolute_start": 32768, "C": 0, "E": 32768, "D": 0, "T": 200000, "monotonic": 165649.310883083}
{"event": "progress", "case": "m6-200000", "segment": 2, "command_kind": "encode_rows", "layer": 5, "offset": 8192, "rows": 8192, "absolute_start": 40960, "C": 0, "E": 32768, "D": 0, "T": 200000, "monotonic": 165649.311069458}
{"event": "progress", "case": "m6-200000", "segment": 2, "command_kind": "end_layer", "layer": 5, "offset": 0, "rows": 16384, "absolute_start": null, "C": 0, "E": 32768, "D": 0, "T": 200000, "monotonic": 165649.311112041}
{"event": "progress", "case": "m6-200000", "segment": 2, "command_kind": "encode_rows", "layer": 6, "offset": 0, "rows": 8192, "absolute_start": 32768, "C": 0, "E": 32768, "D": 0, "T": 200000, "monotonic": 165649.311325458}
{"event": "progress", "case": "m6-200000", "segment": 2, "command_kind": "encode_rows", "layer": 6, "offset": 8192, "rows": 8192, "absolute_start": 40960, "C": 0, "E": 32768, "D": 0, "T": 200000, "monotonic": 165649.311511041}
{"event": "progress", "case": "m6-200000", "segment": 2, "command_kind": "end_layer", "layer": 6, "offset": 0, "rows": 16384, "absolute_start": null, "C": 0, "E": 32768, "D": 0, "T": 200000, "monotonic": 165649.311553958}
{"event": "progress", "case": "m6-200000", "segment": 2, "command_kind": "encode_rows", "layer": 7, "offset": 0, "rows": 8192, "absolute_start": 32768, "C": 0, "E": 32768, "D": 0, "T": 200000, "monotonic": 165649.311771916}
{"event": "progress", "case": "m6-200000", "segment": 2, "command_kind": "encode_rows", "layer": 7, "offset": 8192, "rows": 8192, "absolute_start": 40960, "C": 0, "E": 32768, "D": 0, "T": 200000, "monotonic": 165649.311975791}
{"event": "progress", "case": "m6-200000", "segment": 2, "command_kind": "end_layer", "layer": 7, "offset": 0, "rows": 16384, "absolute_start": null, "C": 0, "E": 32768, "D": 0, "T": 200000, "monotonic": 165649.312018083}
{"event": "progress", "case": "m6-200000", "segment": 2, "command_kind": "encode_rows", "layer": 8, "offset": 0, "rows": 8192, "absolute_start": 32768, "C": 0, "E": 32768, "D": 0, "T": 200000, "monotonic": 165654.089701916}
{"event": "progress", "case": "m6-200000", "segment": 2, "command_kind": "encode_rows", "layer": 8, "offset": 8192, "rows": 8192, "absolute_start": 40960, "C": 0, "E": 32768, "D": 0, "T": 200000, "monotonic": 165654.536187708}
{"event": "progress", "case": "m6-200000", "segment": 2, "command_kind": "end_layer", "layer": 8, "offset": 0, "rows": 16384, "absolute_start": null, "C": 0, "E": 32768, "D": 0, "T": 200000, "monotonic": 165654.536286041}
{"event": "progress", "case": "m6-200000", "segment": 2, "command_kind": "encode_rows", "layer": 9, "offset": 0, "rows": 8192, "absolute_start": 32768, "C": 0, "E": 32768, "D": 0, "T": 200000, "monotonic": 165654.536566291}
{"event": "progress", "case": "m6-200000", "segment": 2, "command_kind": "encode_rows", "layer": 9, "offset": 8192, "rows": 8192, "absolute_start": 40960, "C": 0, "E": 32768, "D": 0, "T": 200000, "monotonic": 165654.536769625}
{"event": "progress", "case": "m6-200000", "segment": 2, "command_kind": "end_layer", "layer": 9, "offset": 0, "rows": 16384, "absolute_start": null, "C": 0, "E": 32768, "D": 0, "T": 200000, "monotonic": 165654.536815708}
{"event": "progress", "case": "m6-200000", "segment": 2, "command_kind": "encode_rows", "layer": 10, "offset": 0, "rows": 8192, "absolute_start": 32768, "C": 0, "E": 32768, "D": 0, "T": 200000, "monotonic": 165654.537046083}
{"event": "progress", "case": "m6-200000", "segment": 2, "command_kind": "encode_rows", "layer": 10, "offset": 8192, "rows": 8192, "absolute_start": 40960, "C": 0, "E": 32768, "D": 0, "T": 200000, "monotonic": 165654.537237}
{"event": "progress", "case": "m6-200000", "segment": 2, "command_kind": "end_layer", "layer": 10, "offset": 0, "rows": 16384, "absolute_start": null, "C": 0, "E": 32768, "D": 0, "T": 200000, "monotonic": 165654.537281083}
{"event": "progress", "case": "m6-200000", "segment": 2, "command_kind": "encode_rows", "layer": 11, "offset": 0, "rows": 8192, "absolute_start": 32768, "C": 0, "E": 32768, "D": 0, "T": 200000, "monotonic": 165654.537501416}
{"event": "progress", "case": "m6-200000", "segment": 2, "command_kind": "encode_rows", "layer": 11, "offset": 8192, "rows": 8192, "absolute_start": 40960, "C": 0, "E": 32768, "D": 0, "T": 200000, "monotonic": 165654.53768825}
{"event": "progress", "case": "m6-200000", "segment": 2, "command_kind": "end_layer", "layer": 11, "offset": 0, "rows": 16384, "absolute_start": null, "C": 0, "E": 32768, "D": 0, "T": 200000, "monotonic": 165654.537733375}
{"event": "progress", "case": "m6-200000", "segment": 2, "command_kind": "encode_rows", "layer": 12, "offset": 0, "rows": 8192, "absolute_start": 32768, "C": 0, "E": 32768, "D": 0, "T": 200000, "monotonic": 165654.5379635}
{"event": "progress", "case": "m6-200000", "segment": 2, "command_kind": "encode_rows", "layer": 12, "offset": 8192, "rows": 8192, "absolute_start": 40960, "C": 0, "E": 32768, "D": 0, "T": 200000, "monotonic": 165654.53816075}
{"event": "progress", "case": "m6-200000", "segment": 2, "command_kind": "end_layer", "layer": 12, "offset": 0, "rows": 16384, "absolute_start": null, "C": 0, "E": 32768, "D": 0, "T": 200000, "monotonic": 165654.538200125}
{"event": "progress", "case": "m6-200000", "segment": 2, "command_kind": "encode_rows", "layer": 13, "offset": 0, "rows": 8192, "absolute_start": 32768, "C": 0, "E": 32768, "D": 0, "T": 200000, "monotonic": 165654.53842375}
{"event": "progress", "case": "m6-200000", "segment": 2, "command_kind": "encode_rows", "layer": 13, "offset": 8192, "rows": 8192, "absolute_start": 40960, "C": 0, "E": 32768, "D": 0, "T": 200000, "monotonic": 165654.538618}
{"event": "progress", "case": "m6-200000", "segment": 2, "command_kind": "end_layer", "layer": 13, "offset": 0, "rows": 16384, "absolute_start": null, "C": 0, "E": 32768, "D": 0, "T": 200000, "monotonic": 165654.538656833}
{"event": "progress", "case": "m6-200000", "segment": 2, "command_kind": "encode_rows", "layer": 14, "offset": 0, "rows": 8192, "absolute_start": 32768, "C": 0, "E": 32768, "D": 0, "T": 200000, "monotonic": 165659.445169791}
{"event": "progress", "case": "m6-200000", "segment": 2, "command_kind": "encode_rows", "layer": 14, "offset": 8192, "rows": 8192, "absolute_start": 40960, "C": 0, "E": 32768, "D": 0, "T": 200000, "monotonic": 165660.142667375}
{"event": "progress", "case": "m6-200000", "segment": 2, "command_kind": "end_layer", "layer": 14, "offset": 0, "rows": 16384, "absolute_start": null, "C": 0, "E": 32768, "D": 0, "T": 200000, "monotonic": 165660.142761541}
{"event": "progress", "case": "m6-200000", "segment": 2, "command_kind": "encode_rows", "layer": 15, "offset": 0, "rows": 8192, "absolute_start": 32768, "C": 0, "E": 32768, "D": 0, "T": 200000, "monotonic": 165660.143038583}
{"event": "progress", "case": "m6-200000", "segment": 2, "command_kind": "encode_rows", "layer": 15, "offset": 8192, "rows": 8192, "absolute_start": 40960, "C": 0, "E": 32768, "D": 0, "T": 200000, "monotonic": 165660.143236291}
{"event": "progress", "case": "m6-200000", "segment": 2, "command_kind": "end_layer", "layer": 15, "offset": 0, "rows": 16384, "absolute_start": null, "C": 0, "E": 32768, "D": 0, "T": 200000, "monotonic": 165660.14328175}
{"event": "progress", "case": "m6-200000", "segment": 2, "command_kind": "encode_rows", "layer": 16, "offset": 0, "rows": 8192, "absolute_start": 32768, "C": 0, "E": 32768, "D": 0, "T": 200000, "monotonic": 165660.143495458}
{"event": "progress", "case": "m6-200000", "segment": 2, "command_kind": "encode_rows", "layer": 16, "offset": 8192, "rows": 8192, "absolute_start": 40960, "C": 0, "E": 32768, "D": 0, "T": 200000, "monotonic": 165660.143680916}
{"event": "progress", "case": "m6-200000", "segment": 2, "command_kind": "end_layer", "layer": 16, "offset": 0, "rows": 16384, "absolute_start": null, "C": 0, "E": 32768, "D": 0, "T": 200000, "monotonic": 165660.1437255}
{"event": "progress", "case": "m6-200000", "segment": 2, "command_kind": "encode_rows", "layer": 17, "offset": 0, "rows": 8192, "absolute_start": 32768, "C": 0, "E": 32768, "D": 0, "T": 200000, "monotonic": 165660.143949625}
{"event": "progress", "case": "m6-200000", "segment": 2, "command_kind": "encode_rows", "layer": 17, "offset": 8192, "rows": 8192, "absolute_start": 40960, "C": 0, "E": 32768, "D": 0, "T": 200000, "monotonic": 165660.144143666}
{"event": "progress", "case": "m6-200000", "segment": 2, "command_kind": "end_layer", "layer": 17, "offset": 0, "rows": 16384, "absolute_start": null, "C": 0, "E": 32768, "D": 0, "T": 200000, "monotonic": 165660.144183208}
{"event": "progress", "case": "m6-200000", "segment": 2, "command_kind": "encode_rows", "layer": 18, "offset": 0, "rows": 8192, "absolute_start": 32768, "C": 0, "E": 32768, "D": 0, "T": 200000, "monotonic": 165660.144403}
{"event": "progress", "case": "m6-200000", "segment": 2, "command_kind": "encode_rows", "layer": 18, "offset": 8192, "rows": 8192, "absolute_start": 40960, "C": 0, "E": 32768, "D": 0, "T": 200000, "monotonic": 165660.144595541}
{"event": "progress", "case": "m6-200000", "segment": 2, "command_kind": "end_layer", "layer": 18, "offset": 0, "rows": 16384, "absolute_start": null, "C": 0, "E": 32768, "D": 0, "T": 200000, "monotonic": 165660.144635}
{"event": "progress", "case": "m6-200000", "segment": 2, "command_kind": "encode_rows", "layer": 19, "offset": 0, "rows": 8192, "absolute_start": 32768, "C": 0, "E": 32768, "D": 0, "T": 200000, "monotonic": 165660.144850541}
{"event": "progress", "case": "m6-200000", "segment": 2, "command_kind": "encode_rows", "layer": 19, "offset": 8192, "rows": 8192, "absolute_start": 40960, "C": 0, "E": 32768, "D": 0, "T": 200000, "monotonic": 165660.14504375}
{"event": "progress", "case": "m6-200000", "segment": 2, "command_kind": "end_layer", "layer": 19, "offset": 0, "rows": 16384, "absolute_start": null, "C": 0, "E": 32768, "D": 0, "T": 200000, "monotonic": 165660.14508275}
{"event": "progress", "case": "m6-200000", "segment": 2, "command_kind": "p6_source_complete_and_detach_cone", "layer": null, "offset": 0, "rows": 0, "absolute_start": null, "C": 0, "E": 32768, "D": 0, "T": 200000, "monotonic": 165664.622979208}
{"segment": {"seq": 2, "mode": "ENCODER_SOURCE_ONLY", "start": 32768, "count": 16384, "elapsed_wall_s": 17.72688741699676, "effective_tokens_per_s": 924.2457299238454, "C": 0, "E": 49152, "D": 0, "T": 200000, "last_completed_command": "encoder_only_complete_still_invalid", "last_completed_layer": null, "records": 147, "p7": {"enabled": true, "prefetch_submissions": 16, "logical_match_consumptions": 16, "donor_observed_consumptions": 16, "fallback_mismatches": 0, "drains": 1, "read_ahead_already_ready": 20}, "source_generations": {"20": 3}, "public_frontiers_head": [0, 0, 0, 0]}}
{"event": "progress", "case": "m6-200000", "segment": 3, "command_kind": "encode_rows", "layer": 0, "offset": 0, "rows": 8192, "absolute_start": 49152, "C": 0, "E": 49152, "D": 0, "T": 200000, "monotonic": 165664.62848575}
{"event": "progress", "case": "m6-200000", "segment": 3, "command_kind": "encode_rows", "layer": 0, "offset": 8192, "rows": 8192, "absolute_start": 57344, "C": 0, "E": 49152, "D": 0, "T": 200000, "monotonic": 165664.628736458}
{"event": "progress", "case": "m6-200000", "segment": 3, "command_kind": "end_layer", "layer": 0, "offset": 0, "rows": 16384, "absolute_start": null, "C": 0, "E": 49152, "D": 0, "T": 200000, "monotonic": 165664.628791416}
{"event": "progress", "case": "m6-200000", "segment": 3, "command_kind": "encode_rows", "layer": 1, "offset": 0, "rows": 8192, "absolute_start": 49152, "C": 0, "E": 49152, "D": 0, "T": 200000, "monotonic": 165665.482328833}
{"event": "progress", "case": "m6-200000", "segment": 3, "command_kind": "encode_rows", "layer": 1, "offset": 8192, "rows": 8192, "absolute_start": 57344, "C": 0, "E": 49152, "D": 0, "T": 200000, "monotonic": 165665.797818125}
{"event": "progress", "case": "m6-200000", "segment": 3, "command_kind": "end_layer", "layer": 1, "offset": 0, "rows": 16384, "absolute_start": null, "C": 0, "E": 49152, "D": 0, "T": 200000, "monotonic": 165665.7979515}
{"event": "progress", "case": "m6-200000", "segment": 3, "command_kind": "encode_rows", "layer": 2, "offset": 0, "rows": 8192, "absolute_start": 49152, "C": 0, "E": 49152, "D": 0, "T": 200000, "monotonic": 165666.670877791}
{"event": "progress", "case": "m6-200000", "segment": 3, "command_kind": "encode_rows", "layer": 2, "offset": 8192, "rows": 8192, "absolute_start": 57344, "C": 0, "E": 49152, "D": 0, "T": 200000, "monotonic": 165667.219504166}
{"event": "progress", "case": "m6-200000", "segment": 3, "command_kind": "end_layer", "layer": 2, "offset": 0, "rows": 16384, "absolute_start": null, "C": 0, "E": 49152, "D": 0, "T": 200000, "monotonic": 165667.219598541}
{"event": "progress", "case": "m6-200000", "segment": 3, "command_kind": "encode_rows", "layer": 3, "offset": 0, "rows": 8192, "absolute_start": 49152, "C": 0, "E": 49152, "D": 0, "T": 200000, "monotonic": 165667.219866458}
{"event": "progress", "case": "m6-200000", "segment": 3, "command_kind": "encode_rows", "layer": 3, "offset": 8192, "rows": 8192, "absolute_start": 57344, "C": 0, "E": 49152, "D": 0, "T": 200000, "monotonic": 165667.220067333}
{"event": "progress", "case": "m6-200000", "segment": 3, "command_kind": "end_layer", "layer": 3, "offset": 0, "rows": 16384, "absolute_start": null, "C": 0, "E": 49152, "D": 0, "T": 200000, "monotonic": 165667.220112}
{"event": "progress", "case": "m6-200000", "segment": 3, "command_kind": "encode_rows", "layer": 4, "offset": 0, "rows": 8192, "absolute_start": 49152, "C": 0, "E": 49152, "D": 0, "T": 200000, "monotonic": 165667.220330208}
{"event": "progress", "case": "m6-200000", "segment": 3, "command_kind": "encode_rows", "layer": 4, "offset": 8192, "rows": 8192, "absolute_start": 57344, "C": 0, "E": 49152, "D": 0, "T": 200000, "monotonic": 165667.220517583}
{"event": "progress", "case": "m6-200000", "segment": 3, "command_kind": "end_layer", "layer": 4, "offset": 0, "rows": 16384, "absolute_start": null, "C": 0, "E": 49152, "D": 0, "T": 200000, "monotonic": 165667.220559291}
{"event": "progress", "case": "m6-200000", "segment": 3, "command_kind": "encode_rows", "layer": 5, "offset": 0, "rows": 8192, "absolute_start": 49152, "C": 0, "E": 49152, "D": 0, "T": 200000, "monotonic": 165667.220771}
{"event": "progress", "case": "m6-200000", "segment": 3, "command_kind": "encode_rows", "layer": 5, "offset": 8192, "rows": 8192, "absolute_start": 57344, "C": 0, "E": 49152, "D": 0, "T": 200000, "monotonic": 165667.220966166}
{"event": "progress", "case": "m6-200000", "segment": 3, "command_kind": "end_layer", "layer": 5, "offset": 0, "rows": 16384, "absolute_start": null, "C": 0, "E": 49152, "D": 0, "T": 200000, "monotonic": 165667.221007208}
{"event": "progress", "case": "m6-200000", "segment": 3, "command_kind": "encode_rows", "layer": 6, "offset": 0, "rows": 8192, "absolute_start": 49152, "C": 0, "E": 49152, "D": 0, "T": 200000, "monotonic": 165667.221221916}
{"event": "progress", "case": "m6-200000", "segment": 3, "command_kind": "encode_rows", "layer": 6, "offset": 8192, "rows": 8192, "absolute_start": 57344, "C": 0, "E": 49152, "D": 0, "T": 200000, "monotonic": 165667.221409625}
{"event": "progress", "case": "m6-200000", "segment": 3, "command_kind": "end_layer", "layer": 6, "offset": 0, "rows": 16384, "absolute_start": null, "C": 0, "E": 49152, "D": 0, "T": 200000, "monotonic": 165667.2214475}
{"event": "progress", "case": "m6-200000", "segment": 3, "command_kind": "encode_rows", "layer": 7, "offset": 0, "rows": 8192, "absolute_start": 49152, "C": 0, "E": 49152, "D": 0, "T": 200000, "monotonic": 165667.221664291}
{"event": "progress", "case": "m6-200000", "segment": 3, "command_kind": "encode_rows", "layer": 7, "offset": 8192, "rows": 8192, "absolute_start": 57344, "C": 0, "E": 49152, "D": 0, "T": 200000, "monotonic": 165667.221867208}
{"event": "progress", "case": "m6-200000", "segment": 3, "command_kind": "end_layer", "layer": 7, "offset": 0, "rows": 16384, "absolute_start": null, "C": 0, "E": 49152, "D": 0, "T": 200000, "monotonic": 165667.221904416}
{"event": "progress", "case": "m6-200000", "segment": 3, "command_kind": "encode_rows", "layer": 8, "offset": 0, "rows": 8192, "absolute_start": 49152, "C": 0, "E": 49152, "D": 0, "T": 200000, "monotonic": 165672.121059875}
{"event": "progress", "case": "m6-200000", "segment": 3, "command_kind": "encode_rows", "layer": 8, "offset": 8192, "rows": 8192, "absolute_start": 57344, "C": 0, "E": 49152, "D": 0, "T": 200000, "monotonic": 165672.65400425}
{"event": "progress", "case": "m6-200000", "segment": 3, "command_kind": "end_layer", "layer": 8, "offset": 0, "rows": 16384, "absolute_start": null, "C": 0, "E": 49152, "D": 0, "T": 200000, "monotonic": 165672.6541065}
{"event": "progress", "case": "m6-200000", "segment": 3, "command_kind": "encode_rows", "layer": 9, "offset": 0, "rows": 8192, "absolute_start": 49152, "C": 0, "E": 49152, "D": 0, "T": 200000, "monotonic": 165672.654392}
{"event": "progress", "case": "m6-200000", "segment": 3, "command_kind": "encode_rows", "layer": 9, "offset": 8192, "rows": 8192, "absolute_start": 57344, "C": 0, "E": 49152, "D": 0, "T": 200000, "monotonic": 165672.654602625}
{"event": "progress", "case": "m6-200000", "segment": 3, "command_kind": "end_layer", "layer": 9, "offset": 0, "rows": 16384, "absolute_start": null, "C": 0, "E": 49152, "D": 0, "T": 200000, "monotonic": 165672.654645666}
{"event": "progress", "case": "m6-200000", "segment": 3, "command_kind": "encode_rows", "layer": 10, "offset": 0, "rows": 8192, "absolute_start": 49152, "C": 0, "E": 49152, "D": 0, "T": 200000, "monotonic": 165672.654867916}
{"event": "progress", "case": "m6-200000", "segment": 3, "command_kind": "encode_rows", "layer": 10, "offset": 8192, "rows": 8192, "absolute_start": 57344, "C": 0, "E": 49152, "D": 0, "T": 200000, "monotonic": 165672.655061958}
{"event": "progress", "case": "m6-200000", "segment": 3, "command_kind": "end_layer", "layer": 10, "offset": 0, "rows": 16384, "absolute_start": null, "C": 0, "E": 49152, "D": 0, "T": 200000, "monotonic": 165672.655105458}
{"event": "progress", "case": "m6-200000", "segment": 3, "command_kind": "encode_rows", "layer": 11, "offset": 0, "rows": 8192, "absolute_start": 49152, "C": 0, "E": 49152, "D": 0, "T": 200000, "monotonic": 165672.655326083}
{"event": "progress", "case": "m6-200000", "segment": 3, "command_kind": "encode_rows", "layer": 11, "offset": 8192, "rows": 8192, "absolute_start": 57344, "C": 0, "E": 49152, "D": 0, "T": 200000, "monotonic": 165672.655514666}
{"event": "progress", "case": "m6-200000", "segment": 3, "command_kind": "end_layer", "layer": 11, "offset": 0, "rows": 16384, "absolute_start": null, "C": 0, "E": 49152, "D": 0, "T": 200000, "monotonic": 165672.655552541}
{"event": "progress", "case": "m6-200000", "segment": 3, "command_kind": "encode_rows", "layer": 12, "offset": 0, "rows": 8192, "absolute_start": 49152, "C": 0, "E": 49152, "D": 0, "T": 200000, "monotonic": 165672.655768375}
{"event": "progress", "case": "m6-200000", "segment": 3, "command_kind": "encode_rows", "layer": 12, "offset": 8192, "rows": 8192, "absolute_start": 57344, "C": 0, "E": 49152, "D": 0, "T": 200000, "monotonic": 165672.655954}
{"event": "progress", "case": "m6-200000", "segment": 3, "command_kind": "end_layer", "layer": 12, "offset": 0, "rows": 16384, "absolute_start": null, "C": 0, "E": 49152, "D": 0, "T": 200000, "monotonic": 165672.6559925}
{"event": "progress", "case": "m6-200000", "segment": 3, "command_kind": "encode_rows", "layer": 13, "offset": 0, "rows": 8192, "absolute_start": 49152, "C": 0, "E": 49152, "D": 0, "T": 200000, "monotonic": 165672.656206541}
{"event": "progress", "case": "m6-200000", "segment": 3, "command_kind": "encode_rows", "layer": 13, "offset": 8192, "rows": 8192, "absolute_start": 57344, "C": 0, "E": 49152, "D": 0, "T": 200000, "monotonic": 165672.65639625}
{"event": "progress", "case": "m6-200000", "segment": 3, "command_kind": "end_layer", "layer": 13, "offset": 0, "rows": 16384, "absolute_start": null, "C": 0, "E": 49152, "D": 0, "T": 200000, "monotonic": 165672.656433791}
{"event": "progress", "case": "m6-200000", "segment": 3, "command_kind": "encode_rows", "layer": 14, "offset": 0, "rows": 8192, "absolute_start": 49152, "C": 0, "E": 49152, "D": 0, "T": 200000, "monotonic": 165677.691106208}
{"event": "progress", "case": "m6-200000", "segment": 3, "command_kind": "encode_rows", "layer": 14, "offset": 8192, "rows": 8192, "absolute_start": 57344, "C": 0, "E": 49152, "D": 0, "T": 200000, "monotonic": 165678.457677791}
{"event": "progress", "case": "m6-200000", "segment": 3, "command_kind": "end_layer", "layer": 14, "offset": 0, "rows": 16384, "absolute_start": null, "C": 0, "E": 49152, "D": 0, "T": 200000, "monotonic": 165678.457775041}
{"event": "progress", "case": "m6-200000", "segment": 3, "command_kind": "encode_rows", "layer": 15, "offset": 0, "rows": 8192, "absolute_start": 49152, "C": 0, "E": 49152, "D": 0, "T": 200000, "monotonic": 165678.458055791}
{"event": "progress", "case": "m6-200000", "segment": 3, "command_kind": "encode_rows", "layer": 15, "offset": 8192, "rows": 8192, "absolute_start": 57344, "C": 0, "E": 49152, "D": 0, "T": 200000, "monotonic": 165678.45826275}
{"event": "progress", "case": "m6-200000", "segment": 3, "command_kind": "end_layer", "layer": 15, "offset": 0, "rows": 16384, "absolute_start": null, "C": 0, "E": 49152, "D": 0, "T": 200000, "monotonic": 165678.458305041}
{"event": "progress", "case": "m6-200000", "segment": 3, "command_kind": "encode_rows", "layer": 16, "offset": 0, "rows": 8192, "absolute_start": 49152, "C": 0, "E": 49152, "D": 0, "T": 200000, "monotonic": 165678.4585245}
{"event": "progress", "case": "m6-200000", "segment": 3, "command_kind": "encode_rows", "layer": 16, "offset": 8192, "rows": 8192, "absolute_start": 57344, "C": 0, "E": 49152, "D": 0, "T": 200000, "monotonic": 165678.458714166}
{"event": "progress", "case": "m6-200000", "segment": 3, "command_kind": "end_layer", "layer": 16, "offset": 0, "rows": 16384, "absolute_start": null, "C": 0, "E": 49152, "D": 0, "T": 200000, "monotonic": 165678.458753708}
{"event": "progress", "case": "m6-200000", "segment": 3, "command_kind": "encode_rows", "layer": 17, "offset": 0, "rows": 8192, "absolute_start": 49152, "C": 0, "E": 49152, "D": 0, "T": 200000, "monotonic": 165678.458967833}
{"event": "progress", "case": "m6-200000", "segment": 3, "command_kind": "encode_rows", "layer": 17, "offset": 8192, "rows": 8192, "absolute_start": 57344, "C": 0, "E": 49152, "D": 0, "T": 200000, "monotonic": 165678.459154958}
{"event": "progress", "case": "m6-200000", "segment": 3, "command_kind": "end_layer", "layer": 17, "offset": 0, "rows": 16384, "absolute_start": null, "C": 0, "E": 49152, "D": 0, "T": 200000, "monotonic": 165678.459194}
{"event": "progress", "case": "m6-200000", "segment": 3, "command_kind": "encode_rows", "layer": 18, "offset": 0, "rows": 8192, "absolute_start": 49152, "C": 0, "E": 49152, "D": 0, "T": 200000, "monotonic": 165678.459406916}
{"event": "progress", "case": "m6-200000", "segment": 3, "command_kind": "encode_rows", "layer": 18, "offset": 8192, "rows": 8192, "absolute_start": 57344, "C": 0, "E": 49152, "D": 0, "T": 200000, "monotonic": 165678.459595041}
{"event": "progress", "case": "m6-200000", "segment": 3, "command_kind": "end_layer", "layer": 18, "offset": 0, "rows": 16384, "absolute_start": null, "C": 0, "E": 49152, "D": 0, "T": 200000, "monotonic": 165678.459633708}
{"event": "progress", "case": "m6-200000", "segment": 3, "command_kind": "encode_rows", "layer": 19, "offset": 0, "rows": 8192, "absolute_start": 49152, "C": 0, "E": 49152, "D": 0, "T": 200000, "monotonic": 165678.459848916}
{"event": "progress", "case": "m6-200000", "segment": 3, "command_kind": "encode_rows", "layer": 19, "offset": 8192, "rows": 8192, "absolute_start": 57344, "C": 0, "E": 49152, "D": 0, "T": 200000, "monotonic": 165678.460039166}
{"event": "progress", "case": "m6-200000", "segment": 3, "command_kind": "end_layer", "layer": 19, "offset": 0, "rows": 16384, "absolute_start": null, "C": 0, "E": 49152, "D": 0, "T": 200000, "monotonic": 165678.460077666}
{"event": "progress", "case": "m6-200000", "segment": 3, "command_kind": "p6_source_complete_and_detach_cone", "layer": null, "offset": 0, "rows": 0, "absolute_start": null, "C": 0, "E": 49152, "D": 0, "T": 200000, "monotonic": 165682.986935125}
{"segment": {"seq": 3, "mode": "ENCODER_SOURCE_ONLY", "start": 49152, "count": 16384, "elapsed_wall_s": 18.363931667001452, "effective_tokens_per_s": 892.1836727066876, "C": 0, "E": 65536, "D": 0, "T": 200000, "last_completed_command": "encoder_only_complete_still_invalid", "last_completed_layer": null, "records": 147, "p7": {"enabled": true, "prefetch_submissions": 16, "logical_match_consumptions": 16, "donor_observed_consumptions": 16, "fallback_mismatches": 0, "drains": 1, "read_ahead_already_ready": 20}, "source_generations": {"20": 4}, "public_frontiers_head": [0, 0, 0, 0]}}
{"event": "progress", "case": "m6-200000", "segment": 4, "command_kind": "encode_rows", "layer": 0, "offset": 0, "rows": 8192, "absolute_start": 65536, "C": 0, "E": 65536, "D": 0, "T": 200000, "monotonic": 165682.992509875}
{"event": "progress", "case": "m6-200000", "segment": 4, "command_kind": "encode_rows", "layer": 0, "offset": 8192, "rows": 8192, "absolute_start": 73728, "C": 0, "E": 65536, "D": 0, "T": 200000, "monotonic": 165682.992747541}
{"event": "progress", "case": "m6-200000", "segment": 4, "command_kind": "end_layer", "layer": 0, "offset": 0, "rows": 16384, "absolute_start": null, "C": 0, "E": 65536, "D": 0, "T": 200000, "monotonic": 165682.992801}
{"event": "progress", "case": "m6-200000", "segment": 4, "command_kind": "encode_rows", "layer": 1, "offset": 0, "rows": 8192, "absolute_start": 65536, "C": 0, "E": 65536, "D": 0, "T": 200000, "monotonic": 165683.883134708}
{"event": "progress", "case": "m6-200000", "segment": 4, "command_kind": "encode_rows", "layer": 1, "offset": 8192, "rows": 8192, "absolute_start": 73728, "C": 0, "E": 65536, "D": 0, "T": 200000, "monotonic": 165684.195363958}
{"event": "progress", "case": "m6-200000", "segment": 4, "command_kind": "end_layer", "layer": 1, "offset": 0, "rows": 16384, "absolute_start": null, "C": 0, "E": 65536, "D": 0, "T": 200000, "monotonic": 165684.195501416}
{"event": "progress", "case": "m6-200000", "segment": 4, "command_kind": "encode_rows", "layer": 2, "offset": 0, "rows": 8192, "absolute_start": 65536, "C": 0, "E": 65536, "D": 0, "T": 200000, "monotonic": 165685.166570333}
{"event": "progress", "case": "m6-200000", "segment": 4, "command_kind": "encode_rows", "layer": 2, "offset": 8192, "rows": 8192, "absolute_start": 73728, "C": 0, "E": 65536, "D": 0, "T": 200000, "monotonic": 165685.780567916}
{"event": "progress", "case": "m6-200000", "segment": 4, "command_kind": "end_layer", "layer": 2, "offset": 0, "rows": 16384, "absolute_start": null, "C": 0, "E": 65536, "D": 0, "T": 200000, "monotonic": 165685.78066725}
{"event": "progress", "case": "m6-200000", "segment": 4, "command_kind": "encode_rows", "layer": 3, "offset": 0, "rows": 8192, "absolute_start": 65536, "C": 0, "E": 65536, "D": 0, "T": 200000, "monotonic": 165685.780943916}
{"event": "progress", "case": "m6-200000", "segment": 4, "command_kind": "encode_rows", "layer": 3, "offset": 8192, "rows": 8192, "absolute_start": 73728, "C": 0, "E": 65536, "D": 0, "T": 200000, "monotonic": 165685.781150166}
{"event": "progress", "case": "m6-200000", "segment": 4, "command_kind": "end_layer", "layer": 3, "offset": 0, "rows": 16384, "absolute_start": null, "C": 0, "E": 65536, "D": 0, "T": 200000, "monotonic": 165685.781191791}
{"event": "progress", "case": "m6-200000", "segment": 4, "command_kind": "encode_rows", "layer": 4, "offset": 0, "rows": 8192, "absolute_start": 65536, "C": 0, "E": 65536, "D": 0, "T": 200000, "monotonic": 165685.781418208}
{"event": "progress", "case": "m6-200000", "segment": 4, "command_kind": "encode_rows", "layer": 4, "offset": 8192, "rows": 8192, "absolute_start": 73728, "C": 0, "E": 65536, "D": 0, "T": 200000, "monotonic": 165685.781612625}
{"event": "progress", "case": "m6-200000", "segment": 4, "command_kind": "end_layer", "layer": 4, "offset": 0, "rows": 16384, "absolute_start": null, "C": 0, "E": 65536, "D": 0, "T": 200000, "monotonic": 165685.781653291}
{"event": "progress", "case": "m6-200000", "segment": 4, "command_kind": "encode_rows", "layer": 5, "offset": 0, "rows": 8192, "absolute_start": 65536, "C": 0, "E": 65536, "D": 0, "T": 200000, "monotonic": 165685.781871}
{"event": "progress", "case": "m6-200000", "segment": 4, "command_kind": "encode_rows", "layer": 5, "offset": 8192, "rows": 8192, "absolute_start": 73728, "C": 0, "E": 65536, "D": 0, "T": 200000, "monotonic": 165685.782066833}
{"event": "progress", "case": "m6-200000", "segment": 4, "command_kind": "end_layer", "layer": 5, "offset": 0, "rows": 16384, "absolute_start": null, "C": 0, "E": 65536, "D": 0, "T": 200000, "monotonic": 165685.782104958}
{"event": "progress", "case": "m6-200000", "segment": 4, "command_kind": "encode_rows", "layer": 6, "offset": 0, "rows": 8192, "absolute_start": 65536, "C": 0, "E": 65536, "D": 0, "T": 200000, "monotonic": 165685.782321916}
{"event": "progress", "case": "m6-200000", "segment": 4, "command_kind": "encode_rows", "layer": 6, "offset": 8192, "rows": 8192, "absolute_start": 73728, "C": 0, "E": 65536, "D": 0, "T": 200000, "monotonic": 165685.782511833}
{"event": "progress", "case": "m6-200000", "segment": 4, "command_kind": "end_layer", "layer": 6, "offset": 0, "rows": 16384, "absolute_start": null, "C": 0, "E": 65536, "D": 0, "T": 200000, "monotonic": 165685.782551875}
{"event": "progress", "case": "m6-200000", "segment": 4, "command_kind": "encode_rows", "layer": 7, "offset": 0, "rows": 8192, "absolute_start": 65536, "C": 0, "E": 65536, "D": 0, "T": 200000, "monotonic": 165685.782765041}
{"event": "progress", "case": "m6-200000", "segment": 4, "command_kind": "encode_rows", "layer": 7, "offset": 8192, "rows": 8192, "absolute_start": 73728, "C": 0, "E": 65536, "D": 0, "T": 200000, "monotonic": 165685.782955083}
{"event": "progress", "case": "m6-200000", "segment": 4, "command_kind": "end_layer", "layer": 7, "offset": 0, "rows": 16384, "absolute_start": null, "C": 0, "E": 65536, "D": 0, "T": 200000, "monotonic": 165685.78299275}
{"event": "progress", "case": "m6-200000", "segment": 4, "command_kind": "encode_rows", "layer": 8, "offset": 0, "rows": 8192, "absolute_start": 65536, "C": 0, "E": 65536, "D": 0, "T": 200000, "monotonic": 165690.782961708}
{"event": "progress", "case": "m6-200000", "segment": 4, "command_kind": "encode_rows", "layer": 8, "offset": 8192, "rows": 8192, "absolute_start": 73728, "C": 0, "E": 65536, "D": 0, "T": 200000, "monotonic": 165691.447817}
{"event": "progress", "case": "m6-200000", "segment": 4, "command_kind": "end_layer", "layer": 8, "offset": 0, "rows": 16384, "absolute_start": null, "C": 0, "E": 65536, "D": 0, "T": 200000, "monotonic": 165691.447942583}
{"event": "progress", "case": "m6-200000", "segment": 4, "command_kind": "encode_rows", "layer": 9, "offset": 0, "rows": 8192, "absolute_start": 65536, "C": 0, "E": 65536, "D": 0, "T": 200000, "monotonic": 165691.448357583}
{"event": "progress", "case": "m6-200000", "segment": 4, "command_kind": "encode_rows", "layer": 9, "offset": 8192, "rows": 8192, "absolute_start": 73728, "C": 0, "E": 65536, "D": 0, "T": 200000, "monotonic": 165691.448712875}
{"event": "progress", "case": "m6-200000", "segment": 4, "command_kind": "end_layer", "layer": 9, "offset": 0, "rows": 16384, "absolute_start": null, "C": 0, "E": 65536, "D": 0, "T": 200000, "monotonic": 165691.448789125}
{"event": "progress", "case": "m6-200000", "segment": 4, "command_kind": "encode_rows", "layer": 10, "offset": 0, "rows": 8192, "absolute_start": 65536, "C": 0, "E": 65536, "D": 0, "T": 200000, "monotonic": 165691.449223}
{"event": "progress", "case": "m6-200000", "segment": 4, "command_kind": "encode_rows", "layer": 10, "offset": 8192, "rows": 8192, "absolute_start": 73728, "C": 0, "E": 65536, "D": 0, "T": 200000, "monotonic": 165691.449496958}
{"event": "progress", "case": "m6-200000", "segment": 4, "command_kind": "end_layer", "layer": 10, "offset": 0, "rows": 16384, "absolute_start": null, "C": 0, "E": 65536, "D": 0, "T": 200000, "monotonic": 165691.449552875}
{"event": "progress", "case": "m6-200000", "segment": 4, "command_kind": "encode_rows", "layer": 11, "offset": 0, "rows": 8192, "absolute_start": 65536, "C": 0, "E": 65536, "D": 0, "T": 200000, "monotonic": 165691.449856541}
{"event": "progress", "case": "m6-200000", "segment": 4, "command_kind": "encode_rows", "layer": 11, "offset": 8192, "rows": 8192, "absolute_start": 73728, "C": 0, "E": 65536, "D": 0, "T": 200000, "monotonic": 165691.450208416}
{"event": "progress", "case": "m6-200000", "segment": 4, "command_kind": "end_layer", "layer": 11, "offset": 0, "rows": 16384, "absolute_start": null, "C": 0, "E": 65536, "D": 0, "T": 200000, "monotonic": 165691.450283625}
{"event": "progress", "case": "m6-200000", "segment": 4, "command_kind": "encode_rows", "layer": 12, "offset": 0, "rows": 8192, "absolute_start": 65536, "C": 0, "E": 65536, "D": 0, "T": 200000, "monotonic": 165691.450706125}
{"event": "progress", "case": "m6-200000", "segment": 4, "command_kind": "encode_rows", "layer": 12, "offset": 8192, "rows": 8192, "absolute_start": 73728, "C": 0, "E": 65536, "D": 0, "T": 200000, "monotonic": 165691.451073416}
{"event": "progress", "case": "m6-200000", "segment": 4, "command_kind": "end_layer", "layer": 12, "offset": 0, "rows": 16384, "absolute_start": null, "C": 0, "E": 65536, "D": 0, "T": 200000, "monotonic": 165691.4511485}
{"event": "progress", "case": "m6-200000", "segment": 4, "command_kind": "encode_rows", "layer": 13, "offset": 0, "rows": 8192, "absolute_start": 65536, "C": 0, "E": 65536, "D": 0, "T": 200000, "monotonic": 165691.451571083}
{"event": "progress", "case": "m6-200000", "segment": 4, "command_kind": "encode_rows", "layer": 13, "offset": 8192, "rows": 8192, "absolute_start": 73728, "C": 0, "E": 65536, "D": 0, "T": 200000, "monotonic": 165691.451940666}
{"event": "progress", "case": "m6-200000", "segment": 4, "command_kind": "end_layer", "layer": 13, "offset": 0, "rows": 16384, "absolute_start": null, "C": 0, "E": 65536, "D": 0, "T": 200000, "monotonic": 165691.452013791}
{"event": "progress", "case": "m6-200000", "segment": 4, "command_kind": "encode_rows", "layer": 14, "offset": 0, "rows": 8192, "absolute_start": 65536, "C": 0, "E": 65536, "D": 0, "T": 200000, "monotonic": 165696.577959666}
{"event": "progress", "case": "m6-200000", "segment": 4, "command_kind": "encode_rows", "layer": 14, "offset": 8192, "rows": 8192, "absolute_start": 73728, "C": 0, "E": 65536, "D": 0, "T": 200000, "monotonic": 165697.365876291}
{"event": "progress", "case": "m6-200000", "segment": 4, "command_kind": "end_layer", "layer": 14, "offset": 0, "rows": 16384, "absolute_start": null, "C": 0, "E": 65536, "D": 0, "T": 200000, "monotonic": 165697.365978333}
{"event": "progress", "case": "m6-200000", "segment": 4, "command_kind": "encode_rows", "layer": 15, "offset": 0, "rows": 8192, "absolute_start": 65536, "C": 0, "E": 65536, "D": 0, "T": 200000, "monotonic": 165697.366261458}
{"event": "progress", "case": "m6-200000", "segment": 4, "command_kind": "encode_rows", "layer": 15, "offset": 8192, "rows": 8192, "absolute_start": 73728, "C": 0, "E": 65536, "D": 0, "T": 200000, "monotonic": 165697.366470708}
{"event": "progress", "case": "m6-200000", "segment": 4, "command_kind": "end_layer", "layer": 15, "offset": 0, "rows": 16384, "absolute_start": null, "C": 0, "E": 65536, "D": 0, "T": 200000, "monotonic": 165697.36651175}
{"event": "progress", "case": "m6-200000", "segment": 4, "command_kind": "encode_rows", "layer": 16, "offset": 0, "rows": 8192, "absolute_start": 65536, "C": 0, "E": 65536, "D": 0, "T": 200000, "monotonic": 165697.366735458}
{"event": "progress", "case": "m6-200000", "segment": 4, "command_kind": "encode_rows", "layer": 16, "offset": 8192, "rows": 8192, "absolute_start": 73728, "C": 0, "E": 65536, "D": 0, "T": 200000, "monotonic": 165697.366929916}
{"event": "progress", "case": "m6-200000", "segment": 4, "command_kind": "end_layer", "layer": 16, "offset": 0, "rows": 16384, "absolute_start": null, "C": 0, "E": 65536, "D": 0, "T": 200000, "monotonic": 165697.366968291}
{"event": "progress", "case": "m6-200000", "segment": 4, "command_kind": "encode_rows", "layer": 17, "offset": 0, "rows": 8192, "absolute_start": 65536, "C": 0, "E": 65536, "D": 0, "T": 200000, "monotonic": 165697.367186083}
{"event": "progress", "case": "m6-200000", "segment": 4, "command_kind": "encode_rows", "layer": 17, "offset": 8192, "rows": 8192, "absolute_start": 73728, "C": 0, "E": 65536, "D": 0, "T": 200000, "monotonic": 165697.367378625}
{"event": "progress", "case": "m6-200000", "segment": 4, "command_kind": "end_layer", "layer": 17, "offset": 0, "rows": 16384, "absolute_start": null, "C": 0, "E": 65536, "D": 0, "T": 200000, "monotonic": 165697.367418125}
{"event": "progress", "case": "m6-200000", "segment": 4, "command_kind": "encode_rows", "layer": 18, "offset": 0, "rows": 8192, "absolute_start": 65536, "C": 0, "E": 65536, "D": 0, "T": 200000, "monotonic": 165697.36763475}
{"event": "progress", "case": "m6-200000", "segment": 4, "command_kind": "encode_rows", "layer": 18, "offset": 8192, "rows": 8192, "absolute_start": 73728, "C": 0, "E": 65536, "D": 0, "T": 200000, "monotonic": 165697.367824125}
{"event": "progress", "case": "m6-200000", "segment": 4, "command_kind": "end_layer", "layer": 18, "offset": 0, "rows": 16384, "absolute_start": null, "C": 0, "E": 65536, "D": 0, "T": 200000, "monotonic": 165697.367862416}
{"event": "progress", "case": "m6-200000", "segment": 4, "command_kind": "encode_rows", "layer": 19, "offset": 0, "rows": 8192, "absolute_start": 65536, "C": 0, "E": 65536, "D": 0, "T": 200000, "monotonic": 165697.3680795}
{"event": "progress", "case": "m6-200000", "segment": 4, "command_kind": "encode_rows", "layer": 19, "offset": 8192, "rows": 8192, "absolute_start": 73728, "C": 0, "E": 65536, "D": 0, "T": 200000, "monotonic": 165697.368268541}
{"event": "progress", "case": "m6-200000", "segment": 4, "command_kind": "end_layer", "layer": 19, "offset": 0, "rows": 16384, "absolute_start": null, "C": 0, "E": 65536, "D": 0, "T": 200000, "monotonic": 165697.368308375}
{"event": "progress", "case": "m6-200000", "segment": 4, "command_kind": "p6_source_complete_and_detach_cone", "layer": null, "offset": 0, "rows": 0, "absolute_start": null, "C": 0, "E": 65536, "D": 0, "T": 200000, "monotonic": 165701.845772625}
{"segment": {"seq": 4, "mode": "ENCODER_SOURCE_ONLY", "start": 65536, "count": 16384, "elapsed_wall_s": 18.85879541700706, "effective_tokens_per_s": 868.7723493317467, "C": 0, "E": 81920, "D": 0, "T": 200000, "last_completed_command": "encoder_only_complete_still_invalid", "last_completed_layer": null, "records": 147, "p7": {"enabled": true, "prefetch_submissions": 16, "logical_match_consumptions": 16, "donor_observed_consumptions": 16, "fallback_mismatches": 0, "drains": 1, "read_ahead_already_ready": 20}, "source_generations": {"20": 5}, "public_frontiers_head": [0, 0, 0, 0]}}
{"event": "progress", "case": "m6-200000", "segment": 5, "command_kind": "encode_rows", "layer": 0, "offset": 0, "rows": 8192, "absolute_start": 81920, "C": 0, "E": 81920, "D": 0, "T": 200000, "monotonic": 165701.851330791}
{"event": "progress", "case": "m6-200000", "segment": 5, "command_kind": "encode_rows", "layer": 0, "offset": 8192, "rows": 8192, "absolute_start": 90112, "C": 0, "E": 81920, "D": 0, "T": 200000, "monotonic": 165701.851577291}
{"event": "progress", "case": "m6-200000", "segment": 5, "command_kind": "end_layer", "layer": 0, "offset": 0, "rows": 16384, "absolute_start": null, "C": 0, "E": 81920, "D": 0, "T": 200000, "monotonic": 165701.851632875}
{"event": "progress", "case": "m6-200000", "segment": 5, "command_kind": "encode_rows", "layer": 1, "offset": 0, "rows": 8192, "absolute_start": 81920, "C": 0, "E": 81920, "D": 0, "T": 200000, "monotonic": 165702.712178375}
{"event": "progress", "case": "m6-200000", "segment": 5, "command_kind": "encode_rows", "layer": 1, "offset": 8192, "rows": 8192, "absolute_start": 90112, "C": 0, "E": 81920, "D": 0, "T": 200000, "monotonic": 165703.027572041}
{"event": "progress", "case": "m6-200000", "segment": 5, "command_kind": "end_layer", "layer": 1, "offset": 0, "rows": 16384, "absolute_start": null, "C": 0, "E": 81920, "D": 0, "T": 200000, "monotonic": 165703.027711166}
{"event": "progress", "case": "m6-200000", "segment": 5, "command_kind": "encode_rows", "layer": 2, "offset": 0, "rows": 8192, "absolute_start": 81920, "C": 0, "E": 81920, "D": 0, "T": 200000, "monotonic": 165704.06682275}
{"event": "progress", "case": "m6-200000", "segment": 5, "command_kind": "encode_rows", "layer": 2, "offset": 8192, "rows": 8192, "absolute_start": 90112, "C": 0, "E": 81920, "D": 0, "T": 200000, "monotonic": 165704.771195166}
{"event": "progress", "case": "m6-200000", "segment": 5, "command_kind": "end_layer", "layer": 2, "offset": 0, "rows": 16384, "absolute_start": null, "C": 0, "E": 81920, "D": 0, "T": 200000, "monotonic": 165704.771289083}
{"event": "progress", "case": "m6-200000", "segment": 5, "command_kind": "encode_rows", "layer": 3, "offset": 0, "rows": 8192, "absolute_start": 81920, "C": 0, "E": 81920, "D": 0, "T": 200000, "monotonic": 165704.77156675}
{"event": "progress", "case": "m6-200000", "segment": 5, "command_kind": "encode_rows", "layer": 3, "offset": 8192, "rows": 8192, "absolute_start": 90112, "C": 0, "E": 81920, "D": 0, "T": 200000, "monotonic": 165704.77177575}
{"event": "progress", "case": "m6-200000", "segment": 5, "command_kind": "end_layer", "layer": 3, "offset": 0, "rows": 16384, "absolute_start": null, "C": 0, "E": 81920, "D": 0, "T": 200000, "monotonic": 165704.77181925}
{"event": "progress", "case": "m6-200000", "segment": 5, "command_kind": "encode_rows", "layer": 4, "offset": 0, "rows": 8192, "absolute_start": 81920, "C": 0, "E": 81920, "D": 0, "T": 200000, "monotonic": 165704.772042583}
{"event": "progress", "case": "m6-200000", "segment": 5, "command_kind": "encode_rows", "layer": 4, "offset": 8192, "rows": 8192, "absolute_start": 90112, "C": 0, "E": 81920, "D": 0, "T": 200000, "monotonic": 165704.7722375}
{"event": "progress", "case": "m6-200000", "segment": 5, "command_kind": "end_layer", "layer": 4, "offset": 0, "rows": 16384, "absolute_start": null, "C": 0, "E": 81920, "D": 0, "T": 200000, "monotonic": 165704.772277125}
{"event": "progress", "case": "m6-200000", "segment": 5, "command_kind": "encode_rows", "layer": 5, "offset": 0, "rows": 8192, "absolute_start": 81920, "C": 0, "E": 81920, "D": 0, "T": 200000, "monotonic": 165704.772496041}
{"event": "progress", "case": "m6-200000", "segment": 5, "command_kind": "encode_rows", "layer": 5, "offset": 8192, "rows": 8192, "absolute_start": 90112, "C": 0, "E": 81920, "D": 0, "T": 200000, "monotonic": 165704.772687916}
{"event": "progress", "case": "m6-200000", "segment": 5, "command_kind": "end_layer", "layer": 5, "offset": 0, "rows": 16384, "absolute_start": null, "C": 0, "E": 81920, "D": 0, "T": 200000, "monotonic": 165704.772726708}
{"event": "progress", "case": "m6-200000", "segment": 5, "command_kind": "encode_rows", "layer": 6, "offset": 0, "rows": 8192, "absolute_start": 81920, "C": 0, "E": 81920, "D": 0, "T": 200000, "monotonic": 165704.772943291}
{"event": "progress", "case": "m6-200000", "segment": 5, "command_kind": "encode_rows", "layer": 6, "offset": 8192, "rows": 8192, "absolute_start": 90112, "C": 0, "E": 81920, "D": 0, "T": 200000, "monotonic": 165704.773129125}
{"event": "progress", "case": "m6-200000", "segment": 5, "command_kind": "end_layer", "layer": 6, "offset": 0, "rows": 16384, "absolute_start": null, "C": 0, "E": 81920, "D": 0, "T": 200000, "monotonic": 165704.773167708}
{"event": "progress", "case": "m6-200000", "segment": 5, "command_kind": "encode_rows", "layer": 7, "offset": 0, "rows": 8192, "absolute_start": 81920, "C": 0, "E": 81920, "D": 0, "T": 200000, "monotonic": 165704.773379875}
{"event": "progress", "case": "m6-200000", "segment": 5, "command_kind": "encode_rows", "layer": 7, "offset": 8192, "rows": 8192, "absolute_start": 90112, "C": 0, "E": 81920, "D": 0, "T": 200000, "monotonic": 165704.773564958}
{"event": "progress", "case": "m6-200000", "segment": 5, "command_kind": "end_layer", "layer": 7, "offset": 0, "rows": 16384, "absolute_start": null, "C": 0, "E": 81920, "D": 0, "T": 200000, "monotonic": 165704.773603166}
{"event": "progress", "case": "m6-200000", "segment": 5, "command_kind": "encode_rows", "layer": 8, "offset": 0, "rows": 8192, "absolute_start": 81920, "C": 0, "E": 81920, "D": 0, "T": 200000, "monotonic": 165709.870674916}
{"event": "progress", "case": "m6-200000", "segment": 5, "command_kind": "encode_rows", "layer": 8, "offset": 8192, "rows": 8192, "absolute_start": 90112, "C": 0, "E": 81920, "D": 0, "T": 200000, "monotonic": 165710.569332583}
{"event": "progress", "case": "m6-200000", "segment": 5, "command_kind": "end_layer", "layer": 8, "offset": 0, "rows": 16384, "absolute_start": null, "C": 0, "E": 81920, "D": 0, "T": 200000, "monotonic": 165710.56943225}
{"event": "progress", "case": "m6-200000", "segment": 5, "command_kind": "encode_rows", "layer": 9, "offset": 0, "rows": 8192, "absolute_start": 81920, "C": 0, "E": 81920, "D": 0, "T": 200000, "monotonic": 165710.569719833}
{"event": "progress", "case": "m6-200000", "segment": 5, "command_kind": "encode_rows", "layer": 9, "offset": 8192, "rows": 8192, "absolute_start": 90112, "C": 0, "E": 81920, "D": 0, "T": 200000, "monotonic": 165710.569929833}
{"event": "progress", "case": "m6-200000", "segment": 5, "command_kind": "end_layer", "layer": 9, "offset": 0, "rows": 16384, "absolute_start": null, "C": 0, "E": 81920, "D": 0, "T": 200000, "monotonic": 165710.569971583}
{"event": "progress", "case": "m6-200000", "segment": 5, "command_kind": "encode_rows", "layer": 10, "offset": 0, "rows": 8192, "absolute_start": 81920, "C": 0, "E": 81920, "D": 0, "T": 200000, "monotonic": 165710.570196541}
{"event": "progress", "case": "m6-200000", "segment": 5, "command_kind": "encode_rows", "layer": 10, "offset": 8192, "rows": 8192, "absolute_start": 90112, "C": 0, "E": 81920, "D": 0, "T": 200000, "monotonic": 165710.570394541}
{"event": "progress", "case": "m6-200000", "segment": 5, "command_kind": "end_layer", "layer": 10, "offset": 0, "rows": 16384, "absolute_start": null, "C": 0, "E": 81920, "D": 0, "T": 200000, "monotonic": 165710.57043275}
{"event": "progress", "case": "m6-200000", "segment": 5, "command_kind": "encode_rows", "layer": 11, "offset": 0, "rows": 8192, "absolute_start": 81920, "C": 0, "E": 81920, "D": 0, "T": 200000, "monotonic": 165710.570652291}
{"event": "progress", "case": "m6-200000", "segment": 5, "command_kind": "encode_rows", "layer": 11, "offset": 8192, "rows": 8192, "absolute_start": 90112, "C": 0, "E": 81920, "D": 0, "T": 200000, "monotonic": 165710.57084575}
{"event": "progress", "case": "m6-200000", "segment": 5, "command_kind": "end_layer", "layer": 11, "offset": 0, "rows": 16384, "absolute_start": null, "C": 0, "E": 81920, "D": 0, "T": 200000, "monotonic": 165710.570883541}
{"event": "progress", "case": "m6-200000", "segment": 5, "command_kind": "encode_rows", "layer": 12, "offset": 0, "rows": 8192, "absolute_start": 81920, "C": 0, "E": 81920, "D": 0, "T": 200000, "monotonic": 165710.571099958}
{"event": "progress", "case": "m6-200000", "segment": 5, "command_kind": "encode_rows", "layer": 12, "offset": 8192, "rows": 8192, "absolute_start": 90112, "C": 0, "E": 81920, "D": 0, "T": 200000, "monotonic": 165710.571291416}
{"event": "progress", "case": "m6-200000", "segment": 5, "command_kind": "end_layer", "layer": 12, "offset": 0, "rows": 16384, "absolute_start": null, "C": 0, "E": 81920, "D": 0, "T": 200000, "monotonic": 165710.571331125}
{"event": "progress", "case": "m6-200000", "segment": 5, "command_kind": "encode_rows", "layer": 13, "offset": 0, "rows": 8192, "absolute_start": 81920, "C": 0, "E": 81920, "D": 0, "T": 200000, "monotonic": 165710.571550791}
{"event": "progress", "case": "m6-200000", "segment": 5, "command_kind": "encode_rows", "layer": 13, "offset": 8192, "rows": 8192, "absolute_start": 90112, "C": 0, "E": 81920, "D": 0, "T": 200000, "monotonic": 165710.571743208}
{"event": "progress", "case": "m6-200000", "segment": 5, "command_kind": "end_layer", "layer": 13, "offset": 0, "rows": 16384, "absolute_start": null, "C": 0, "E": 81920, "D": 0, "T": 200000, "monotonic": 165710.571781291}
{"event": "progress", "case": "m6-200000", "segment": 5, "command_kind": "encode_rows", "layer": 14, "offset": 0, "rows": 8192, "absolute_start": 81920, "C": 0, "E": 81920, "D": 0, "T": 200000, "monotonic": 165715.800389625}
{"event": "progress", "case": "m6-200000", "segment": 5, "command_kind": "encode_rows", "layer": 14, "offset": 8192, "rows": 8192, "absolute_start": 90112, "C": 0, "E": 81920, "D": 0, "T": 200000, "monotonic": 165716.711991625}
{"event": "progress", "case": "m6-200000", "segment": 5, "command_kind": "end_layer", "layer": 14, "offset": 0, "rows": 16384, "absolute_start": null, "C": 0, "E": 81920, "D": 0, "T": 200000, "monotonic": 165716.712090666}
{"event": "progress", "case": "m6-200000", "segment": 5, "command_kind": "encode_rows", "layer": 15, "offset": 0, "rows": 8192, "absolute_start": 81920, "C": 0, "E": 81920, "D": 0, "T": 200000, "monotonic": 165716.712368916}
{"event": "progress", "case": "m6-200000", "segment": 5, "command_kind": "encode_rows", "layer": 15, "offset": 8192, "rows": 8192, "absolute_start": 90112, "C": 0, "E": 81920, "D": 0, "T": 200000, "monotonic": 165716.712577416}
{"event": "progress", "case": "m6-200000", "segment": 5, "command_kind": "end_layer", "layer": 15, "offset": 0, "rows": 16384, "absolute_start": null, "C": 0, "E": 81920, "D": 0, "T": 200000, "monotonic": 165716.71261825}
{"event": "progress", "case": "m6-200000", "segment": 5, "command_kind": "encode_rows", "layer": 16, "offset": 0, "rows": 8192, "absolute_start": 81920, "C": 0, "E": 81920, "D": 0, "T": 200000, "monotonic": 165716.71283925}
{"event": "progress", "case": "m6-200000", "segment": 5, "command_kind": "encode_rows", "layer": 16, "offset": 8192, "rows": 8192, "absolute_start": 90112, "C": 0, "E": 81920, "D": 0, "T": 200000, "monotonic": 165716.713033958}
{"event": "progress", "case": "m6-200000", "segment": 5, "command_kind": "end_layer", "layer": 16, "offset": 0, "rows": 16384, "absolute_start": null, "C": 0, "E": 81920, "D": 0, "T": 200000, "monotonic": 165716.713073375}
{"event": "progress", "case": "m6-200000", "segment": 5, "command_kind": "encode_rows", "layer": 17, "offset": 0, "rows": 8192, "absolute_start": 81920, "C": 0, "E": 81920, "D": 0, "T": 200000, "monotonic": 165716.713291833}
{"event": "progress", "case": "m6-200000", "segment": 5, "command_kind": "encode_rows", "layer": 17, "offset": 8192, "rows": 8192, "absolute_start": 90112, "C": 0, "E": 81920, "D": 0, "T": 200000, "monotonic": 165716.713481791}
{"event": "progress", "case": "m6-200000", "segment": 5, "command_kind": "end_layer", "layer": 17, "offset": 0, "rows": 16384, "absolute_start": null, "C": 0, "E": 81920, "D": 0, "T": 200000, "monotonic": 165716.713521833}
{"event": "progress", "case": "m6-200000", "segment": 5, "command_kind": "encode_rows", "layer": 18, "offset": 0, "rows": 8192, "absolute_start": 81920, "C": 0, "E": 81920, "D": 0, "T": 200000, "monotonic": 165716.713735166}
{"event": "progress", "case": "m6-200000", "segment": 5, "command_kind": "encode_rows", "layer": 18, "offset": 8192, "rows": 8192, "absolute_start": 90112, "C": 0, "E": 81920, "D": 0, "T": 200000, "monotonic": 165716.7139245}
{"event": "progress", "case": "m6-200000", "segment": 5, "command_kind": "end_layer", "layer": 18, "offset": 0, "rows": 16384, "absolute_start": null, "C": 0, "E": 81920, "D": 0, "T": 200000, "monotonic": 165716.713961416}
{"event": "progress", "case": "m6-200000", "segment": 5, "command_kind": "encode_rows", "layer": 19, "offset": 0, "rows": 8192, "absolute_start": 81920, "C": 0, "E": 81920, "D": 0, "T": 200000, "monotonic": 165716.714175416}
{"event": "progress", "case": "m6-200000", "segment": 5, "command_kind": "encode_rows", "layer": 19, "offset": 8192, "rows": 8192, "absolute_start": 90112, "C": 0, "E": 81920, "D": 0, "T": 200000, "monotonic": 165716.714362666}
{"event": "progress", "case": "m6-200000", "segment": 5, "command_kind": "end_layer", "layer": 19, "offset": 0, "rows": 16384, "absolute_start": null, "C": 0, "E": 81920, "D": 0, "T": 200000, "monotonic": 165716.7144005}
{"event": "progress", "case": "m6-200000", "segment": 5, "command_kind": "p6_source_complete_and_detach_cone", "layer": null, "offset": 0, "rows": 0, "absolute_start": null, "C": 0, "E": 81920, "D": 0, "T": 200000, "monotonic": 165721.210967083}
{"segment": {"seq": 5, "mode": "ENCODER_SOURCE_ONLY", "start": 81920, "count": 16384, "elapsed_wall_s": 19.365157916006865, "effective_tokens_per_s": 846.0555845226185, "C": 0, "E": 98304, "D": 0, "T": 200000, "last_completed_command": "encoder_only_complete_still_invalid", "last_completed_layer": null, "records": 147, "p7": {"enabled": true, "prefetch_submissions": 16, "logical_match_consumptions": 16, "donor_observed_consumptions": 16, "fallback_mismatches": 0, "drains": 1, "read_ahead_already_ready": 20}, "source_generations": {"20": 6}, "public_frontiers_head": [0, 0, 0, 0]}}
{"event": "progress", "case": "m6-200000", "segment": 6, "command_kind": "encode_rows", "layer": 0, "offset": 0, "rows": 8192, "absolute_start": 98304, "C": 0, "E": 98304, "D": 0, "T": 200000, "monotonic": 165721.216575333}
{"event": "progress", "case": "m6-200000", "segment": 6, "command_kind": "encode_rows", "layer": 0, "offset": 8192, "rows": 8192, "absolute_start": 106496, "C": 0, "E": 98304, "D": 0, "T": 200000, "monotonic": 165721.216821}
{"event": "progress", "case": "m6-200000", "segment": 6, "command_kind": "end_layer", "layer": 0, "offset": 0, "rows": 16384, "absolute_start": null, "C": 0, "E": 98304, "D": 0, "T": 200000, "monotonic": 165721.216875166}
{"event": "progress", "case": "m6-200000", "segment": 6, "command_kind": "encode_rows", "layer": 1, "offset": 0, "rows": 8192, "absolute_start": 98304, "C": 0, "E": 98304, "D": 0, "T": 200000, "monotonic": 165722.093625958}
{"event": "progress", "case": "m6-200000", "segment": 6, "command_kind": "encode_rows", "layer": 1, "offset": 8192, "rows": 8192, "absolute_start": 106496, "C": 0, "E": 98304, "D": 0, "T": 200000, "monotonic": 165722.408518875}
{"event": "progress", "case": "m6-200000", "segment": 6, "command_kind": "end_layer", "layer": 1, "offset": 0, "rows": 16384, "absolute_start": null, "C": 0, "E": 98304, "D": 0, "T": 200000, "monotonic": 165722.408664833}
{"event": "progress", "case": "m6-200000", "segment": 6, "command_kind": "encode_rows", "layer": 2, "offset": 0, "rows": 8192, "absolute_start": 98304, "C": 0, "E": 98304, "D": 0, "T": 200000, "monotonic": 165723.562361125}
{"event": "progress", "case": "m6-200000", "segment": 6, "command_kind": "encode_rows", "layer": 2, "offset": 8192, "rows": 8192, "absolute_start": 106496, "C": 0, "E": 98304, "D": 0, "T": 200000, "monotonic": 165724.33165}
{"event": "progress", "case": "m6-200000", "segment": 6, "command_kind": "end_layer", "layer": 2, "offset": 0, "rows": 16384, "absolute_start": null, "C": 0, "E": 98304, "D": 0, "T": 200000, "monotonic": 165724.331746375}
{"event": "progress", "case": "m6-200000", "segment": 6, "command_kind": "encode_rows", "layer": 3, "offset": 0, "rows": 8192, "absolute_start": 98304, "C": 0, "E": 98304, "D": 0, "T": 200000, "monotonic": 165724.332034958}
{"event": "progress", "case": "m6-200000", "segment": 6, "command_kind": "encode_rows", "layer": 3, "offset": 8192, "rows": 8192, "absolute_start": 106496, "C": 0, "E": 98304, "D": 0, "T": 200000, "monotonic": 165724.3322515}
{"event": "progress", "case": "m6-200000", "segment": 6, "command_kind": "end_layer", "layer": 3, "offset": 0, "rows": 16384, "absolute_start": null, "C": 0, "E": 98304, "D": 0, "T": 200000, "monotonic": 165724.332293125}
{"event": "progress", "case": "m6-200000", "segment": 6, "command_kind": "encode_rows", "layer": 4, "offset": 0, "rows": 8192, "absolute_start": 98304, "C": 0, "E": 98304, "D": 0, "T": 200000, "monotonic": 165724.332517791}
{"event": "progress", "case": "m6-200000", "segment": 6, "command_kind": "encode_rows", "layer": 4, "offset": 8192, "rows": 8192, "absolute_start": 106496, "C": 0, "E": 98304, "D": 0, "T": 200000, "monotonic": 165724.332718208}
{"event": "progress", "case": "m6-200000", "segment": 6, "command_kind": "end_layer", "layer": 4, "offset": 0, "rows": 16384, "absolute_start": null, "C": 0, "E": 98304, "D": 0, "T": 200000, "monotonic": 165724.332757708}
{"event": "progress", "case": "m6-200000", "segment": 6, "command_kind": "encode_rows", "layer": 5, "offset": 0, "rows": 8192, "absolute_start": 98304, "C": 0, "E": 98304, "D": 0, "T": 200000, "monotonic": 165724.332976166}
{"event": "progress", "case": "m6-200000", "segment": 6, "command_kind": "encode_rows", "layer": 5, "offset": 8192, "rows": 8192, "absolute_start": 106496, "C": 0, "E": 98304, "D": 0, "T": 200000, "monotonic": 165724.333168875}
{"event": "progress", "case": "m6-200000", "segment": 6, "command_kind": "end_layer", "layer": 5, "offset": 0, "rows": 16384, "absolute_start": null, "C": 0, "E": 98304, "D": 0, "T": 200000, "monotonic": 165724.33320725}
{"event": "progress", "case": "m6-200000", "segment": 6, "command_kind": "encode_rows", "layer": 6, "offset": 0, "rows": 8192, "absolute_start": 98304, "C": 0, "E": 98304, "D": 0, "T": 200000, "monotonic": 165724.333425916}
{"event": "progress", "case": "m6-200000", "segment": 6, "command_kind": "encode_rows", "layer": 6, "offset": 8192, "rows": 8192, "absolute_start": 106496, "C": 0, "E": 98304, "D": 0, "T": 200000, "monotonic": 165724.33361525}
{"event": "progress", "case": "m6-200000", "segment": 6, "command_kind": "end_layer", "layer": 6, "offset": 0, "rows": 16384, "absolute_start": null, "C": 0, "E": 98304, "D": 0, "T": 200000, "monotonic": 165724.333654375}
{"event": "progress", "case": "m6-200000", "segment": 6, "command_kind": "encode_rows", "layer": 7, "offset": 0, "rows": 8192, "absolute_start": 98304, "C": 0, "E": 98304, "D": 0, "T": 200000, "monotonic": 165724.333870583}
{"event": "progress", "case": "m6-200000", "segment": 6, "command_kind": "encode_rows", "layer": 7, "offset": 8192, "rows": 8192, "absolute_start": 106496, "C": 0, "E": 98304, "D": 0, "T": 200000, "monotonic": 165724.334060166}
{"event": "progress", "case": "m6-200000", "segment": 6, "command_kind": "end_layer", "layer": 7, "offset": 0, "rows": 16384, "absolute_start": null, "C": 0, "E": 98304, "D": 0, "T": 200000, "monotonic": 165724.334098625}
{"event": "progress", "case": "m6-200000", "segment": 6, "command_kind": "encode_rows", "layer": 8, "offset": 0, "rows": 8192, "absolute_start": 98304, "C": 0, "E": 98304, "D": 0, "T": 200000, "monotonic": 165729.519809375}
{"event": "progress", "case": "m6-200000", "segment": 6, "command_kind": "encode_rows", "layer": 8, "offset": 8192, "rows": 8192, "absolute_start": 106496, "C": 0, "E": 98304, "D": 0, "T": 200000, "monotonic": 165730.288107458}
{"event": "progress", "case": "m6-200000", "segment": 6, "command_kind": "end_layer", "layer": 8, "offset": 0, "rows": 16384, "absolute_start": null, "C": 0, "E": 98304, "D": 0, "T": 200000, "monotonic": 165730.288208041}
{"event": "progress", "case": "m6-200000", "segment": 6, "command_kind": "encode_rows", "layer": 9, "offset": 0, "rows": 8192, "absolute_start": 98304, "C": 0, "E": 98304, "D": 0, "T": 200000, "monotonic": 165730.288490666}
{"event": "progress", "case": "m6-200000", "segment": 6, "command_kind": "encode_rows", "layer": 9, "offset": 8192, "rows": 8192, "absolute_start": 106496, "C": 0, "E": 98304, "D": 0, "T": 200000, "monotonic": 165730.288697333}
{"event": "progress", "case": "m6-200000", "segment": 6, "command_kind": "end_layer", "layer": 9, "offset": 0, "rows": 16384, "absolute_start": null, "C": 0, "E": 98304, "D": 0, "T": 200000, "monotonic": 165730.288738833}
{"event": "progress", "case": "m6-200000", "segment": 6, "command_kind": "encode_rows", "layer": 10, "offset": 0, "rows": 8192, "absolute_start": 98304, "C": 0, "E": 98304, "D": 0, "T": 200000, "monotonic": 165730.288964416}
{"event": "progress", "case": "m6-200000", "segment": 6, "command_kind": "encode_rows", "layer": 10, "offset": 8192, "rows": 8192, "absolute_start": 106496, "C": 0, "E": 98304, "D": 0, "T": 200000, "monotonic": 165730.289159916}
{"event": "progress", "case": "m6-200000", "segment": 6, "command_kind": "end_layer", "layer": 10, "offset": 0, "rows": 16384, "absolute_start": null, "C": 0, "E": 98304, "D": 0, "T": 200000, "monotonic": 165730.289199291}
{"event": "progress", "case": "m6-200000", "segment": 6, "command_kind": "encode_rows", "layer": 11, "offset": 0, "rows": 8192, "absolute_start": 98304, "C": 0, "E": 98304, "D": 0, "T": 200000, "monotonic": 165730.289420791}
{"event": "progress", "case": "m6-200000", "segment": 6, "command_kind": "encode_rows", "layer": 11, "offset": 8192, "rows": 8192, "absolute_start": 106496, "C": 0, "E": 98304, "D": 0, "T": 200000, "monotonic": 165730.28961475}
{"event": "progress", "case": "m6-200000", "segment": 6, "command_kind": "end_layer", "layer": 11, "offset": 0, "rows": 16384, "absolute_start": null, "C": 0, "E": 98304, "D": 0, "T": 200000, "monotonic": 165730.289653416}
{"event": "progress", "case": "m6-200000", "segment": 6, "command_kind": "encode_rows", "layer": 12, "offset": 0, "rows": 8192, "absolute_start": 98304, "C": 0, "E": 98304, "D": 0, "T": 200000, "monotonic": 165730.289868708}
{"event": "progress", "case": "m6-200000", "segment": 6, "command_kind": "encode_rows", "layer": 12, "offset": 8192, "rows": 8192, "absolute_start": 106496, "C": 0, "E": 98304, "D": 0, "T": 200000, "monotonic": 165730.29005575}
{"event": "progress", "case": "m6-200000", "segment": 6, "command_kind": "end_layer", "layer": 12, "offset": 0, "rows": 16384, "absolute_start": null, "C": 0, "E": 98304, "D": 0, "T": 200000, "monotonic": 165730.290095291}
{"event": "progress", "case": "m6-200000", "segment": 6, "command_kind": "encode_rows", "layer": 13, "offset": 0, "rows": 8192, "absolute_start": 98304, "C": 0, "E": 98304, "D": 0, "T": 200000, "monotonic": 165730.290317083}
{"event": "progress", "case": "m6-200000", "segment": 6, "command_kind": "encode_rows", "layer": 13, "offset": 8192, "rows": 8192, "absolute_start": 106496, "C": 0, "E": 98304, "D": 0, "T": 200000, "monotonic": 165730.290503291}
{"event": "progress", "case": "m6-200000", "segment": 6, "command_kind": "end_layer", "layer": 13, "offset": 0, "rows": 16384, "absolute_start": null, "C": 0, "E": 98304, "D": 0, "T": 200000, "monotonic": 165730.290541416}
{"event": "progress", "case": "m6-200000", "segment": 6, "command_kind": "encode_rows", "layer": 14, "offset": 0, "rows": 8192, "absolute_start": 98304, "C": 0, "E": 98304, "D": 0, "T": 200000, "monotonic": 165735.63238975}
{"event": "progress", "case": "m6-200000", "segment": 6, "command_kind": "encode_rows", "layer": 14, "offset": 8192, "rows": 8192, "absolute_start": 106496, "C": 0, "E": 98304, "D": 0, "T": 200000, "monotonic": 165736.596803458}
{"event": "progress", "case": "m6-200000", "segment": 6, "command_kind": "end_layer", "layer": 14, "offset": 0, "rows": 16384, "absolute_start": null, "C": 0, "E": 98304, "D": 0, "T": 200000, "monotonic": 165736.596904833}
{"event": "progress", "case": "m6-200000", "segment": 6, "command_kind": "encode_rows", "layer": 15, "offset": 0, "rows": 8192, "absolute_start": 98304, "C": 0, "E": 98304, "D": 0, "T": 200000, "monotonic": 165736.597182916}
{"event": "progress", "case": "m6-200000", "segment": 6, "command_kind": "encode_rows", "layer": 15, "offset": 8192, "rows": 8192, "absolute_start": 106496, "C": 0, "E": 98304, "D": 0, "T": 200000, "monotonic": 165736.597389541}
{"event": "progress", "case": "m6-200000", "segment": 6, "command_kind": "end_layer", "layer": 15, "offset": 0, "rows": 16384, "absolute_start": null, "C": 0, "E": 98304, "D": 0, "T": 200000, "monotonic": 165736.597429916}
{"event": "progress", "case": "m6-200000", "segment": 6, "command_kind": "encode_rows", "layer": 16, "offset": 0, "rows": 8192, "absolute_start": 98304, "C": 0, "E": 98304, "D": 0, "T": 200000, "monotonic": 165736.597652375}
{"event": "progress", "case": "m6-200000", "segment": 6, "command_kind": "encode_rows", "layer": 16, "offset": 8192, "rows": 8192, "absolute_start": 106496, "C": 0, "E": 98304, "D": 0, "T": 200000, "monotonic": 165736.597846}
{"event": "progress", "case": "m6-200000", "segment": 6, "command_kind": "end_layer", "layer": 16, "offset": 0, "rows": 16384, "absolute_start": null, "C": 0, "E": 98304, "D": 0, "T": 200000, "monotonic": 165736.597884875}
{"event": "progress", "case": "m6-200000", "segment": 6, "command_kind": "encode_rows", "layer": 17, "offset": 0, "rows": 8192, "absolute_start": 98304, "C": 0, "E": 98304, "D": 0, "T": 200000, "monotonic": 165736.59810125}
{"event": "progress", "case": "m6-200000", "segment": 6, "command_kind": "encode_rows", "layer": 17, "offset": 8192, "rows": 8192, "absolute_start": 106496, "C": 0, "E": 98304, "D": 0, "T": 200000, "monotonic": 165736.598290833}
{"event": "progress", "case": "m6-200000", "segment": 6, "command_kind": "end_layer", "layer": 17, "offset": 0, "rows": 16384, "absolute_start": null, "C": 0, "E": 98304, "D": 0, "T": 200000, "monotonic": 165736.598329416}
{"event": "progress", "case": "m6-200000", "segment": 6, "command_kind": "encode_rows", "layer": 18, "offset": 0, "rows": 8192, "absolute_start": 98304, "C": 0, "E": 98304, "D": 0, "T": 200000, "monotonic": 165736.59854375}
{"event": "progress", "case": "m6-200000", "segment": 6, "command_kind": "encode_rows", "layer": 18, "offset": 8192, "rows": 8192, "absolute_start": 106496, "C": 0, "E": 98304, "D": 0, "T": 200000, "monotonic": 165736.598727916}
{"event": "progress", "case": "m6-200000", "segment": 6, "command_kind": "end_layer", "layer": 18, "offset": 0, "rows": 16384, "absolute_start": null, "C": 0, "E": 98304, "D": 0, "T": 200000, "monotonic": 165736.598765666}
{"event": "progress", "case": "m6-200000", "segment": 6, "command_kind": "encode_rows", "layer": 19, "offset": 0, "rows": 8192, "absolute_start": 98304, "C": 0, "E": 98304, "D": 0, "T": 200000, "monotonic": 165736.598980583}
{"event": "progress", "case": "m6-200000", "segment": 6, "command_kind": "encode_rows", "layer": 19, "offset": 8192, "rows": 8192, "absolute_start": 106496, "C": 0, "E": 98304, "D": 0, "T": 200000, "monotonic": 165736.599171791}
{"event": "progress", "case": "m6-200000", "segment": 6, "command_kind": "end_layer", "layer": 19, "offset": 0, "rows": 16384, "absolute_start": null, "C": 0, "E": 98304, "D": 0, "T": 200000, "monotonic": 165736.599210041}
{"event": "progress", "case": "m6-200000", "segment": 6, "command_kind": "p6_source_complete_and_detach_cone", "layer": null, "offset": 0, "rows": 0, "absolute_start": null, "C": 0, "E": 98304, "D": 0, "T": 200000, "monotonic": 165741.121481625}
{"segment": {"seq": 6, "mode": "ENCODER_SOURCE_ONLY", "start": 98304, "count": 16384, "elapsed_wall_s": 19.910465791996103, "effective_tokens_per_s": 822.8838125216678, "C": 0, "E": 114688, "D": 0, "T": 200000, "last_completed_command": "encoder_only_complete_still_invalid", "last_completed_layer": null, "records": 147, "p7": {"enabled": true, "prefetch_submissions": 16, "logical_match_consumptions": 16, "donor_observed_consumptions": 16, "fallback_mismatches": 0, "drains": 1, "read_ahead_already_ready": 20}, "source_generations": {"20": 7}, "public_frontiers_head": [0, 0, 0, 0]}}
{"event": "progress", "case": "m6-200000", "segment": 7, "command_kind": "encode_rows", "layer": 0, "offset": 0, "rows": 8192, "absolute_start": 114688, "C": 0, "E": 114688, "D": 0, "T": 200000, "monotonic": 165741.127275333}
{"event": "progress", "case": "m6-200000", "segment": 7, "command_kind": "encode_rows", "layer": 0, "offset": 8192, "rows": 8192, "absolute_start": 122880, "C": 0, "E": 114688, "D": 0, "T": 200000, "monotonic": 165741.127513666}
{"event": "progress", "case": "m6-200000", "segment": 7, "command_kind": "end_layer", "layer": 0, "offset": 0, "rows": 16384, "absolute_start": null, "C": 0, "E": 114688, "D": 0, "T": 200000, "monotonic": 165741.127568125}
{"event": "progress", "case": "m6-200000", "segment": 7, "command_kind": "encode_rows", "layer": 1, "offset": 0, "rows": 8192, "absolute_start": 114688, "C": 0, "E": 114688, "D": 0, "T": 200000, "monotonic": 165742.006359416}
{"event": "progress", "case": "m6-200000", "segment": 7, "command_kind": "encode_rows", "layer": 1, "offset": 8192, "rows": 8192, "absolute_start": 122880, "C": 0, "E": 114688, "D": 0, "T": 200000, "monotonic": 165742.31863675}
{"event": "progress", "case": "m6-200000", "segment": 7, "command_kind": "end_layer", "layer": 1, "offset": 0, "rows": 16384, "absolute_start": null, "C": 0, "E": 114688, "D": 0, "T": 200000, "monotonic": 165742.318782875}
{"event": "progress", "case": "m6-200000", "segment": 7, "command_kind": "encode_rows", "layer": 2, "offset": 0, "rows": 8192, "absolute_start": 114688, "C": 0, "E": 114688, "D": 0, "T": 200000, "monotonic": 165743.553712416}
{"event": "progress", "case": "m6-200000", "segment": 7, "command_kind": "encode_rows", "layer": 2, "offset": 8192, "rows": 8192, "absolute_start": 122880, "C": 0, "E": 114688, "D": 0, "T": 200000, "monotonic": 165744.474906541}
{"event": "progress", "case": "m6-200000", "segment": 7, "command_kind": "end_layer", "layer": 2, "offset": 0, "rows": 16384, "absolute_start": null, "C": 0, "E": 114688, "D": 0, "T": 200000, "monotonic": 165744.475001583}
{"event": "progress", "case": "m6-200000", "segment": 7, "command_kind": "encode_rows", "layer": 3, "offset": 0, "rows": 8192, "absolute_start": 114688, "C": 0, "E": 114688, "D": 0, "T": 200000, "monotonic": 165744.475294583}
{"event": "progress", "case": "m6-200000", "segment": 7, "command_kind": "encode_rows", "layer": 3, "offset": 8192, "rows": 8192, "absolute_start": 122880, "C": 0, "E": 114688, "D": 0, "T": 200000, "monotonic": 165744.475504666}
{"event": "progress", "case": "m6-200000", "segment": 7, "command_kind": "end_layer", "layer": 3, "offset": 0, "rows": 16384, "absolute_start": null, "C": 0, "E": 114688, "D": 0, "T": 200000, "monotonic": 165744.475546708}
{"event": "progress", "case": "m6-200000", "segment": 7, "command_kind": "encode_rows", "layer": 4, "offset": 0, "rows": 8192, "absolute_start": 114688, "C": 0, "E": 114688, "D": 0, "T": 200000, "monotonic": 165744.475772125}
{"event": "progress", "case": "m6-200000", "segment": 7, "command_kind": "encode_rows", "layer": 4, "offset": 8192, "rows": 8192, "absolute_start": 122880, "C": 0, "E": 114688, "D": 0, "T": 200000, "monotonic": 165744.475967125}
{"event": "progress", "case": "m6-200000", "segment": 7, "command_kind": "end_layer", "layer": 4, "offset": 0, "rows": 16384, "absolute_start": null, "C": 0, "E": 114688, "D": 0, "T": 200000, "monotonic": 165744.476005833}
{"event": "progress", "case": "m6-200000", "segment": 7, "command_kind": "encode_rows", "layer": 5, "offset": 0, "rows": 8192, "absolute_start": 114688, "C": 0, "E": 114688, "D": 0, "T": 200000, "monotonic": 165744.4762225}
{"event": "progress", "case": "m6-200000", "segment": 7, "command_kind": "encode_rows", "layer": 5, "offset": 8192, "rows": 8192, "absolute_start": 122880, "C": 0, "E": 114688, "D": 0, "T": 200000, "monotonic": 165744.47641225}
{"event": "progress", "case": "m6-200000", "segment": 7, "command_kind": "end_layer", "layer": 5, "offset": 0, "rows": 16384, "absolute_start": null, "C": 0, "E": 114688, "D": 0, "T": 200000, "monotonic": 165744.476450416}
{"event": "progress", "case": "m6-200000", "segment": 7, "command_kind": "encode_rows", "layer": 6, "offset": 0, "rows": 8192, "absolute_start": 114688, "C": 0, "E": 114688, "D": 0, "T": 200000, "monotonic": 165744.476664625}
{"event": "progress", "case": "m6-200000", "segment": 7, "command_kind": "encode_rows", "layer": 6, "offset": 8192, "rows": 8192, "absolute_start": 122880, "C": 0, "E": 114688, "D": 0, "T": 200000, "monotonic": 165744.476853208}
{"event": "progress", "case": "m6-200000", "segment": 7, "command_kind": "end_layer", "layer": 6, "offset": 0, "rows": 16384, "absolute_start": null, "C": 0, "E": 114688, "D": 0, "T": 200000, "monotonic": 165744.476891583}
{"event": "progress", "case": "m6-200000", "segment": 7, "command_kind": "encode_rows", "layer": 7, "offset": 0, "rows": 8192, "absolute_start": 114688, "C": 0, "E": 114688, "D": 0, "T": 200000, "monotonic": 165744.477104916}
{"event": "progress", "case": "m6-200000", "segment": 7, "command_kind": "encode_rows", "layer": 7, "offset": 8192, "rows": 8192, "absolute_start": 122880, "C": 0, "E": 114688, "D": 0, "T": 200000, "monotonic": 165744.477291625}
{"event": "progress", "case": "m6-200000", "segment": 7, "command_kind": "end_layer", "layer": 7, "offset": 0, "rows": 16384, "absolute_start": null, "C": 0, "E": 114688, "D": 0, "T": 200000, "monotonic": 165744.477330208}
{"event": "progress", "case": "m6-200000", "segment": 7, "command_kind": "encode_rows", "layer": 8, "offset": 0, "rows": 8192, "absolute_start": 114688, "C": 0, "E": 114688, "D": 0, "T": 200000, "monotonic": 165749.767492208}
{"event": "progress", "case": "m6-200000", "segment": 7, "command_kind": "encode_rows", "layer": 8, "offset": 8192, "rows": 8192, "absolute_start": 122880, "C": 0, "E": 114688, "D": 0, "T": 200000, "monotonic": 165750.711574916}
{"event": "progress", "case": "m6-200000", "segment": 7, "command_kind": "end_layer", "layer": 8, "offset": 0, "rows": 16384, "absolute_start": null, "C": 0, "E": 114688, "D": 0, "T": 200000, "monotonic": 165750.7116795}
{"event": "progress", "case": "m6-200000", "segment": 7, "command_kind": "encode_rows", "layer": 9, "offset": 0, "rows": 8192, "absolute_start": 114688, "C": 0, "E": 114688, "D": 0, "T": 200000, "monotonic": 165750.711957916}
{"event": "progress", "case": "m6-200000", "segment": 7, "command_kind": "encode_rows", "layer": 9, "offset": 8192, "rows": 8192, "absolute_start": 122880, "C": 0, "E": 114688, "D": 0, "T": 200000, "monotonic": 165750.712171333}
{"event": "progress", "case": "m6-200000", "segment": 7, "command_kind": "end_layer", "layer": 9, "offset": 0, "rows": 16384, "absolute_start": null, "C": 0, "E": 114688, "D": 0, "T": 200000, "monotonic": 165750.712212458}
{"event": "progress", "case": "m6-200000", "segment": 7, "command_kind": "encode_rows", "layer": 10, "offset": 0, "rows": 8192, "absolute_start": 114688, "C": 0, "E": 114688, "D": 0, "T": 200000, "monotonic": 165750.712433708}
{"event": "progress", "case": "m6-200000", "segment": 7, "command_kind": "encode_rows", "layer": 10, "offset": 8192, "rows": 8192, "absolute_start": 122880, "C": 0, "E": 114688, "D": 0, "T": 200000, "monotonic": 165750.7126275}
{"event": "progress", "case": "m6-200000", "segment": 7, "command_kind": "end_layer", "layer": 10, "offset": 0, "rows": 16384, "absolute_start": null, "C": 0, "E": 114688, "D": 0, "T": 200000, "monotonic": 165750.712666166}
{"event": "progress", "case": "m6-200000", "segment": 7, "command_kind": "encode_rows", "layer": 11, "offset": 0, "rows": 8192, "absolute_start": 114688, "C": 0, "E": 114688, "D": 0, "T": 200000, "monotonic": 165750.712881291}
{"event": "progress", "case": "m6-200000", "segment": 7, "command_kind": "encode_rows", "layer": 11, "offset": 8192, "rows": 8192, "absolute_start": 122880, "C": 0, "E": 114688, "D": 0, "T": 200000, "monotonic": 165750.71307025}
{"event": "progress", "case": "m6-200000", "segment": 7, "command_kind": "end_layer", "layer": 11, "offset": 0, "rows": 16384, "absolute_start": null, "C": 0, "E": 114688, "D": 0, "T": 200000, "monotonic": 165750.713108291}
{"event": "progress", "case": "m6-200000", "segment": 7, "command_kind": "encode_rows", "layer": 12, "offset": 0, "rows": 8192, "absolute_start": 114688, "C": 0, "E": 114688, "D": 0, "T": 200000, "monotonic": 165750.71332225}
{"event": "progress", "case": "m6-200000", "segment": 7, "command_kind": "encode_rows", "layer": 12, "offset": 8192, "rows": 8192, "absolute_start": 122880, "C": 0, "E": 114688, "D": 0, "T": 200000, "monotonic": 165750.71351575}
{"event": "progress", "case": "m6-200000", "segment": 7, "command_kind": "end_layer", "layer": 12, "offset": 0, "rows": 16384, "absolute_start": null, "C": 0, "E": 114688, "D": 0, "T": 200000, "monotonic": 165750.713554375}
{"event": "progress", "case": "m6-200000", "segment": 7, "command_kind": "encode_rows", "layer": 13, "offset": 0, "rows": 8192, "absolute_start": 114688, "C": 0, "E": 114688, "D": 0, "T": 200000, "monotonic": 165750.713770458}
{"event": "progress", "case": "m6-200000", "segment": 7, "command_kind": "encode_rows", "layer": 13, "offset": 8192, "rows": 8192, "absolute_start": 122880, "C": 0, "E": 114688, "D": 0, "T": 200000, "monotonic": 165750.713958458}
{"event": "progress", "case": "m6-200000", "segment": 7, "command_kind": "end_layer", "layer": 13, "offset": 0, "rows": 16384, "absolute_start": null, "C": 0, "E": 114688, "D": 0, "T": 200000, "monotonic": 165750.713996541}
{"event": "progress", "case": "m6-200000", "segment": 7, "command_kind": "encode_rows", "layer": 14, "offset": 0, "rows": 8192, "absolute_start": 114688, "C": 0, "E": 114688, "D": 0, "T": 200000, "monotonic": 165756.115479666}
{"event": "progress", "case": "m6-200000", "segment": 7, "command_kind": "encode_rows", "layer": 14, "offset": 8192, "rows": 8192, "absolute_start": 122880, "C": 0, "E": 114688, "D": 0, "T": 200000, "monotonic": 165757.162986208}
{"event": "progress", "case": "m6-200000", "segment": 7, "command_kind": "end_layer", "layer": 14, "offset": 0, "rows": 16384, "absolute_start": null, "C": 0, "E": 114688, "D": 0, "T": 200000, "monotonic": 165757.163086333}
{"event": "progress", "case": "m6-200000", "segment": 7, "command_kind": "encode_rows", "layer": 15, "offset": 0, "rows": 8192, "absolute_start": 114688, "C": 0, "E": 114688, "D": 0, "T": 200000, "monotonic": 165757.163364208}
{"event": "progress", "case": "m6-200000", "segment": 7, "command_kind": "encode_rows", "layer": 15, "offset": 8192, "rows": 8192, "absolute_start": 122880, "C": 0, "E": 114688, "D": 0, "T": 200000, "monotonic": 165757.163572666}
{"event": "progress", "case": "m6-200000", "segment": 7, "command_kind": "end_layer", "layer": 15, "offset": 0, "rows": 16384, "absolute_start": null, "C": 0, "E": 114688, "D": 0, "T": 200000, "monotonic": 165757.163614166}
{"event": "progress", "case": "m6-200000", "segment": 7, "command_kind": "encode_rows", "layer": 16, "offset": 0, "rows": 8192, "absolute_start": 114688, "C": 0, "E": 114688, "D": 0, "T": 200000, "monotonic": 165757.163837958}
{"event": "progress", "case": "m6-200000", "segment": 7, "command_kind": "encode_rows", "layer": 16, "offset": 8192, "rows": 8192, "absolute_start": 122880, "C": 0, "E": 114688, "D": 0, "T": 200000, "monotonic": 165757.164031125}
{"event": "progress", "case": "m6-200000", "segment": 7, "command_kind": "end_layer", "layer": 16, "offset": 0, "rows": 16384, "absolute_start": null, "C": 0, "E": 114688, "D": 0, "T": 200000, "monotonic": 165757.164070125}
{"event": "progress", "case": "m6-200000", "segment": 7, "command_kind": "encode_rows", "layer": 17, "offset": 0, "rows": 8192, "absolute_start": 114688, "C": 0, "E": 114688, "D": 0, "T": 200000, "monotonic": 165757.164285916}
{"event": "progress", "case": "m6-200000", "segment": 7, "command_kind": "encode_rows", "layer": 17, "offset": 8192, "rows": 8192, "absolute_start": 122880, "C": 0, "E": 114688, "D": 0, "T": 200000, "monotonic": 165757.16447225}
{"event": "progress", "case": "m6-200000", "segment": 7, "command_kind": "end_layer", "layer": 17, "offset": 0, "rows": 16384, "absolute_start": null, "C": 0, "E": 114688, "D": 0, "T": 200000, "monotonic": 165757.164512041}
{"event": "progress", "case": "m6-200000", "segment": 7, "command_kind": "encode_rows", "layer": 18, "offset": 0, "rows": 8192, "absolute_start": 114688, "C": 0, "E": 114688, "D": 0, "T": 200000, "monotonic": 165757.164724166}
{"event": "progress", "case": "m6-200000", "segment": 7, "command_kind": "encode_rows", "layer": 18, "offset": 8192, "rows": 8192, "absolute_start": 122880, "C": 0, "E": 114688, "D": 0, "T": 200000, "monotonic": 165757.164910375}
{"event": "progress", "case": "m6-200000", "segment": 7, "command_kind": "end_layer", "layer": 18, "offset": 0, "rows": 16384, "absolute_start": null, "C": 0, "E": 114688, "D": 0, "T": 200000, "monotonic": 165757.164947416}
{"event": "progress", "case": "m6-200000", "segment": 7, "command_kind": "encode_rows", "layer": 19, "offset": 0, "rows": 8192, "absolute_start": 114688, "C": 0, "E": 114688, "D": 0, "T": 200000, "monotonic": 165757.165158583}
{"event": "progress", "case": "m6-200000", "segment": 7, "command_kind": "encode_rows", "layer": 19, "offset": 8192, "rows": 8192, "absolute_start": 122880, "C": 0, "E": 114688, "D": 0, "T": 200000, "monotonic": 165757.165344375}
{"event": "progress", "case": "m6-200000", "segment": 7, "command_kind": "end_layer", "layer": 19, "offset": 0, "rows": 16384, "absolute_start": null, "C": 0, "E": 114688, "D": 0, "T": 200000, "monotonic": 165757.165381416}
{"event": "progress", "case": "m6-200000", "segment": 7, "command_kind": "p6_source_complete_and_detach_cone", "layer": null, "offset": 0, "rows": 0, "absolute_start": null, "C": 0, "E": 114688, "D": 0, "T": 200000, "monotonic": 165761.666067958}
{"segment": {"seq": 7, "mode": "ENCODER_SOURCE_ONLY", "start": 114688, "count": 16384, "elapsed_wall_s": 20.54454174998682, "effective_tokens_per_s": 797.4867582534671, "C": 0, "E": 131072, "D": 0, "T": 200000, "last_completed_command": "encoder_only_complete_still_invalid", "last_completed_layer": null, "records": 147, "p7": {"enabled": true, "prefetch_submissions": 16, "logical_match_consumptions": 16, "donor_observed_consumptions": 16, "fallback_mismatches": 0, "drains": 1, "read_ahead_already_ready": 20}, "source_generations": {"20": 8}, "public_frontiers_head": [0, 0, 0, 0]}}
{"event": "progress", "case": "m6-200000", "segment": 8, "command_kind": "encode_rows", "layer": 0, "offset": 0, "rows": 8192, "absolute_start": 131072, "C": 0, "E": 131072, "D": 0, "T": 200000, "monotonic": 165761.671823291}
{"event": "progress", "case": "m6-200000", "segment": 8, "command_kind": "encode_rows", "layer": 0, "offset": 8192, "rows": 8192, "absolute_start": 139264, "C": 0, "E": 131072, "D": 0, "T": 200000, "monotonic": 165761.672067166}
{"event": "progress", "case": "m6-200000", "segment": 8, "command_kind": "end_layer", "layer": 0, "offset": 0, "rows": 16384, "absolute_start": null, "C": 0, "E": 131072, "D": 0, "T": 200000, "monotonic": 165761.672122416}
{"event": "progress", "case": "m6-200000", "segment": 8, "command_kind": "encode_rows", "layer": 1, "offset": 0, "rows": 8192, "absolute_start": 131072, "C": 0, "E": 131072, "D": 0, "T": 200000, "monotonic": 165762.531852291}
{"event": "progress", "case": "m6-200000", "segment": 8, "command_kind": "encode_rows", "layer": 1, "offset": 8192, "rows": 8192, "absolute_start": 139264, "C": 0, "E": 131072, "D": 0, "T": 200000, "monotonic": 165762.849466416}
{"event": "progress", "case": "m6-200000", "segment": 8, "command_kind": "end_layer", "layer": 1, "offset": 0, "rows": 16384, "absolute_start": null, "C": 0, "E": 131072, "D": 0, "T": 200000, "monotonic": 165762.849606875}
{"event": "progress", "case": "m6-200000", "segment": 8, "command_kind": "encode_rows", "layer": 2, "offset": 0, "rows": 8192, "absolute_start": 131072, "C": 0, "E": 131072, "D": 0, "T": 200000, "monotonic": 165764.193242}
{"event": "progress", "case": "m6-200000", "segment": 8, "command_kind": "encode_rows", "layer": 2, "offset": 8192, "rows": 8192, "absolute_start": 139264, "C": 0, "E": 131072, "D": 0, "T": 200000, "monotonic": 165765.147032958}
{"event": "progress", "case": "m6-200000", "segment": 8, "command_kind": "end_layer", "layer": 2, "offset": 0, "rows": 16384, "absolute_start": null, "C": 0, "E": 131072, "D": 0, "T": 200000, "monotonic": 165765.147124708}
{"event": "progress", "case": "m6-200000", "segment": 8, "command_kind": "encode_rows", "layer": 3, "offset": 0, "rows": 8192, "absolute_start": 131072, "C": 0, "E": 131072, "D": 0, "T": 200000, "monotonic": 165765.147403916}
{"event": "progress", "case": "m6-200000", "segment": 8, "command_kind": "encode_rows", "layer": 3, "offset": 8192, "rows": 8192, "absolute_start": 139264, "C": 0, "E": 131072, "D": 0, "T": 200000, "monotonic": 165765.14761025}
{"event": "progress", "case": "m6-200000", "segment": 8, "command_kind": "end_layer", "layer": 3, "offset": 0, "rows": 16384, "absolute_start": null, "C": 0, "E": 131072, "D": 0, "T": 200000, "monotonic": 165765.147651208}
{"event": "progress", "case": "m6-200000", "segment": 8, "command_kind": "encode_rows", "layer": 4, "offset": 0, "rows": 8192, "absolute_start": 131072, "C": 0, "E": 131072, "D": 0, "T": 200000, "monotonic": 165765.14788975}
{"event": "progress", "case": "m6-200000", "segment": 8, "command_kind": "encode_rows", "layer": 4, "offset": 8192, "rows": 8192, "absolute_start": 139264, "C": 0, "E": 131072, "D": 0, "T": 200000, "monotonic": 165765.148081708}
{"event": "progress", "case": "m6-200000", "segment": 8, "command_kind": "end_layer", "layer": 4, "offset": 0, "rows": 16384, "absolute_start": null, "C": 0, "E": 131072, "D": 0, "T": 200000, "monotonic": 165765.148120375}
{"event": "progress", "case": "m6-200000", "segment": 8, "command_kind": "encode_rows", "layer": 5, "offset": 0, "rows": 8192, "absolute_start": 131072, "C": 0, "E": 131072, "D": 0, "T": 200000, "monotonic": 165765.148340958}
{"event": "progress", "case": "m6-200000", "segment": 8, "command_kind": "encode_rows", "layer": 5, "offset": 8192, "rows": 8192, "absolute_start": 139264, "C": 0, "E": 131072, "D": 0, "T": 200000, "monotonic": 165765.14854175}
{"event": "progress", "case": "m6-200000", "segment": 8, "command_kind": "end_layer", "layer": 5, "offset": 0, "rows": 16384, "absolute_start": null, "C": 0, "E": 131072, "D": 0, "T": 200000, "monotonic": 165765.14858025}
{"event": "progress", "case": "m6-200000", "segment": 8, "command_kind": "encode_rows", "layer": 6, "offset": 0, "rows": 8192, "absolute_start": 131072, "C": 0, "E": 131072, "D": 0, "T": 200000, "monotonic": 165765.148793666}
{"event": "progress", "case": "m6-200000", "segment": 8, "command_kind": "encode_rows", "layer": 6, "offset": 8192, "rows": 8192, "absolute_start": 139264, "C": 0, "E": 131072, "D": 0, "T": 200000, "monotonic": 165765.148980208}
{"event": "progress", "case": "m6-200000", "segment": 8, "command_kind": "end_layer", "layer": 6, "offset": 0, "rows": 16384, "absolute_start": null, "C": 0, "E": 131072, "D": 0, "T": 200000, "monotonic": 165765.149018375}
{"event": "progress", "case": "m6-200000", "segment": 8, "command_kind": "encode_rows", "layer": 7, "offset": 0, "rows": 8192, "absolute_start": 131072, "C": 0, "E": 131072, "D": 0, "T": 200000, "monotonic": 165765.149229}
{"event": "progress", "case": "m6-200000", "segment": 8, "command_kind": "encode_rows", "layer": 7, "offset": 8192, "rows": 8192, "absolute_start": 139264, "C": 0, "E": 131072, "D": 0, "T": 200000, "monotonic": 165765.149416791}
{"event": "progress", "case": "m6-200000", "segment": 8, "command_kind": "end_layer", "layer": 7, "offset": 0, "rows": 16384, "absolute_start": null, "C": 0, "E": 131072, "D": 0, "T": 200000, "monotonic": 165765.14945475}
{"event": "progress", "case": "m6-200000", "segment": 8, "command_kind": "encode_rows", "layer": 8, "offset": 0, "rows": 8192, "absolute_start": 131072, "C": 0, "E": 131072, "D": 0, "T": 200000, "monotonic": 165770.501714166}
{"event": "progress", "case": "m6-200000", "segment": 8, "command_kind": "encode_rows", "layer": 8, "offset": 8192, "rows": 8192, "absolute_start": 139264, "C": 0, "E": 131072, "D": 0, "T": 200000, "monotonic": 165771.496239}
{"event": "progress", "case": "m6-200000", "segment": 8, "command_kind": "end_layer", "layer": 8, "offset": 0, "rows": 16384, "absolute_start": null, "C": 0, "E": 131072, "D": 0, "T": 200000, "monotonic": 165771.496345416}
{"event": "progress", "case": "m6-200000", "segment": 8, "command_kind": "encode_rows", "layer": 9, "offset": 0, "rows": 8192, "absolute_start": 131072, "C": 0, "E": 131072, "D": 0, "T": 200000, "monotonic": 165771.496630208}
{"event": "progress", "case": "m6-200000", "segment": 8, "command_kind": "encode_rows", "layer": 9, "offset": 8192, "rows": 8192, "absolute_start": 139264, "C": 0, "E": 131072, "D": 0, "T": 200000, "monotonic": 165771.496838416}
{"event": "progress", "case": "m6-200000", "segment": 8, "command_kind": "end_layer", "layer": 9, "offset": 0, "rows": 16384, "absolute_start": null, "C": 0, "E": 131072, "D": 0, "T": 200000, "monotonic": 165771.496879166}
{"event": "progress", "case": "m6-200000", "segment": 8, "command_kind": "encode_rows", "layer": 10, "offset": 0, "rows": 8192, "absolute_start": 131072, "C": 0, "E": 131072, "D": 0, "T": 200000, "monotonic": 165771.49709975}
{"event": "progress", "case": "m6-200000", "segment": 8, "command_kind": "encode_rows", "layer": 10, "offset": 8192, "rows": 8192, "absolute_start": 139264, "C": 0, "E": 131072, "D": 0, "T": 200000, "monotonic": 165771.497292291}
{"event": "progress", "case": "m6-200000", "segment": 8, "command_kind": "end_layer", "layer": 10, "offset": 0, "rows": 16384, "absolute_start": null, "C": 0, "E": 131072, "D": 0, "T": 200000, "monotonic": 165771.4973305}
{"event": "progress", "case": "m6-200000", "segment": 8, "command_kind": "encode_rows", "layer": 11, "offset": 0, "rows": 8192, "absolute_start": 131072, "C": 0, "E": 131072, "D": 0, "T": 200000, "monotonic": 165771.497547708}
{"event": "progress", "case": "m6-200000", "segment": 8, "command_kind": "encode_rows", "layer": 11, "offset": 8192, "rows": 8192, "absolute_start": 139264, "C": 0, "E": 131072, "D": 0, "T": 200000, "monotonic": 165771.497735541}
{"event": "progress", "case": "m6-200000", "segment": 8, "command_kind": "end_layer", "layer": 11, "offset": 0, "rows": 16384, "absolute_start": null, "C": 0, "E": 131072, "D": 0, "T": 200000, "monotonic": 165771.497773541}
{"event": "progress", "case": "m6-200000", "segment": 8, "command_kind": "encode_rows", "layer": 12, "offset": 0, "rows": 8192, "absolute_start": 131072, "C": 0, "E": 131072, "D": 0, "T": 200000, "monotonic": 165771.497987416}
{"event": "progress", "case": "m6-200000", "segment": 8, "command_kind": "encode_rows", "layer": 12, "offset": 8192, "rows": 8192, "absolute_start": 139264, "C": 0, "E": 131072, "D": 0, "T": 200000, "monotonic": 165771.498176375}
{"event": "progress", "case": "m6-200000", "segment": 8, "command_kind": "end_layer", "layer": 12, "offset": 0, "rows": 16384, "absolute_start": null, "C": 0, "E": 131072, "D": 0, "T": 200000, "monotonic": 165771.498214791}
{"event": "progress", "case": "m6-200000", "segment": 8, "command_kind": "encode_rows", "layer": 13, "offset": 0, "rows": 8192, "absolute_start": 131072, "C": 0, "E": 131072, "D": 0, "T": 200000, "monotonic": 165771.498427041}
{"event": "progress", "case": "m6-200000", "segment": 8, "command_kind": "encode_rows", "layer": 13, "offset": 8192, "rows": 8192, "absolute_start": 139264, "C": 0, "E": 131072, "D": 0, "T": 200000, "monotonic": 165771.498611625}
{"event": "progress", "case": "m6-200000", "segment": 8, "command_kind": "end_layer", "layer": 13, "offset": 0, "rows": 16384, "absolute_start": null, "C": 0, "E": 131072, "D": 0, "T": 200000, "monotonic": 165771.498649458}
{"event": "progress", "case": "m6-200000", "segment": 8, "command_kind": "encode_rows", "layer": 14, "offset": 0, "rows": 8192, "absolute_start": 131072, "C": 0, "E": 131072, "D": 0, "T": 200000, "monotonic": 165776.988293166}
{"event": "progress", "case": "m6-200000", "segment": 8, "command_kind": "encode_rows", "layer": 14, "offset": 8192, "rows": 8192, "absolute_start": 139264, "C": 0, "E": 131072, "D": 0, "T": 200000, "monotonic": 165778.125047833}
{"event": "progress", "case": "m6-200000", "segment": 8, "command_kind": "end_layer", "layer": 14, "offset": 0, "rows": 16384, "absolute_start": null, "C": 0, "E": 131072, "D": 0, "T": 200000, "monotonic": 165778.125148}
{"event": "progress", "case": "m6-200000", "segment": 8, "command_kind": "encode_rows", "layer": 15, "offset": 0, "rows": 8192, "absolute_start": 131072, "C": 0, "E": 131072, "D": 0, "T": 200000, "monotonic": 165778.125427041}
{"event": "progress", "case": "m6-200000", "segment": 8, "command_kind": "encode_rows", "layer": 15, "offset": 8192, "rows": 8192, "absolute_start": 139264, "C": 0, "E": 131072, "D": 0, "T": 200000, "monotonic": 165778.12563275}
{"event": "progress", "case": "m6-200000", "segment": 8, "command_kind": "end_layer", "layer": 15, "offset": 0, "rows": 16384, "absolute_start": null, "C": 0, "E": 131072, "D": 0, "T": 200000, "monotonic": 165778.125674083}
{"event": "progress", "case": "m6-200000", "segment": 8, "command_kind": "encode_rows", "layer": 16, "offset": 0, "rows": 8192, "absolute_start": 131072, "C": 0, "E": 131072, "D": 0, "T": 200000, "monotonic": 165778.125897166}
{"event": "progress", "case": "m6-200000", "segment": 8, "command_kind": "encode_rows", "layer": 16, "offset": 8192, "rows": 8192, "absolute_start": 139264, "C": 0, "E": 131072, "D": 0, "T": 200000, "monotonic": 165778.126093708}
{"event": "progress", "case": "m6-200000", "segment": 8, "command_kind": "end_layer", "layer": 16, "offset": 0, "rows": 16384, "absolute_start": null, "C": 0, "E": 131072, "D": 0, "T": 200000, "monotonic": 165778.12613275}
{"event": "progress", "case": "m6-200000", "segment": 8, "command_kind": "encode_rows", "layer": 17, "offset": 0, "rows": 8192, "absolute_start": 131072, "C": 0, "E": 131072, "D": 0, "T": 200000, "monotonic": 165778.126350833}
{"event": "progress", "case": "m6-200000", "segment": 8, "command_kind": "encode_rows", "layer": 17, "offset": 8192, "rows": 8192, "absolute_start": 139264, "C": 0, "E": 131072, "D": 0, "T": 200000, "monotonic": 165778.126542708}
{"event": "progress", "case": "m6-200000", "segment": 8, "command_kind": "end_layer", "layer": 17, "offset": 0, "rows": 16384, "absolute_start": null, "C": 0, "E": 131072, "D": 0, "T": 200000, "monotonic": 165778.126581541}
{"event": "progress", "case": "m6-200000", "segment": 8, "command_kind": "encode_rows", "layer": 18, "offset": 0, "rows": 8192, "absolute_start": 131072, "C": 0, "E": 131072, "D": 0, "T": 200000, "monotonic": 165778.126795541}
{"event": "progress", "case": "m6-200000", "segment": 8, "command_kind": "encode_rows", "layer": 18, "offset": 8192, "rows": 8192, "absolute_start": 139264, "C": 0, "E": 131072, "D": 0, "T": 200000, "monotonic": 165778.126982833}
{"event": "progress", "case": "m6-200000", "segment": 8, "command_kind": "end_layer", "layer": 18, "offset": 0, "rows": 16384, "absolute_start": null, "C": 0, "E": 131072, "D": 0, "T": 200000, "monotonic": 165778.127020666}
{"event": "progress", "case": "m6-200000", "segment": 8, "command_kind": "encode_rows", "layer": 19, "offset": 0, "rows": 8192, "absolute_start": 131072, "C": 0, "E": 131072, "D": 0, "T": 200000, "monotonic": 165778.127234833}
{"event": "progress", "case": "m6-200000", "segment": 8, "command_kind": "encode_rows", "layer": 19, "offset": 8192, "rows": 8192, "absolute_start": 139264, "C": 0, "E": 131072, "D": 0, "T": 200000, "monotonic": 165778.127420958}
{"event": "progress", "case": "m6-200000", "segment": 8, "command_kind": "end_layer", "layer": 19, "offset": 0, "rows": 16384, "absolute_start": null, "C": 0, "E": 131072, "D": 0, "T": 200000, "monotonic": 165778.127458833}
{"event": "progress", "case": "m6-200000", "segment": 8, "command_kind": "p6_source_complete_and_detach_cone", "layer": null, "offset": 0, "rows": 0, "absolute_start": null, "C": 0, "E": 131072, "D": 0, "T": 200000, "monotonic": 165782.630111541}
{"segment": {"seq": 8, "mode": "ENCODER_SOURCE_ONLY", "start": 131072, "count": 16384, "elapsed_wall_s": 20.96399720798945, "effective_tokens_per_s": 781.5303464053126, "C": 0, "E": 147456, "D": 0, "T": 200000, "last_completed_command": "encoder_only_complete_still_invalid", "last_completed_layer": null, "records": 147, "p7": {"enabled": true, "prefetch_submissions": 16, "logical_match_consumptions": 16, "donor_observed_consumptions": 16, "fallback_mismatches": 0, "drains": 1, "read_ahead_already_ready": 20}, "source_generations": {"20": 9}, "public_frontiers_head": [0, 0, 0, 0]}}
{"event": "progress", "case": "m6-200000", "segment": 9, "command_kind": "encode_rows", "layer": 0, "offset": 0, "rows": 8192, "absolute_start": 147456, "C": 0, "E": 147456, "D": 0, "T": 200000, "monotonic": 165782.635735666}
{"event": "progress", "case": "m6-200000", "segment": 9, "command_kind": "encode_rows", "layer": 0, "offset": 8192, "rows": 8192, "absolute_start": 155648, "C": 0, "E": 147456, "D": 0, "T": 200000, "monotonic": 165782.635985125}
{"event": "progress", "case": "m6-200000", "segment": 9, "command_kind": "end_layer", "layer": 0, "offset": 0, "rows": 16384, "absolute_start": null, "C": 0, "E": 147456, "D": 0, "T": 200000, "monotonic": 165782.636039208}
{"event": "progress", "case": "m6-200000", "segment": 9, "command_kind": "encode_rows", "layer": 1, "offset": 0, "rows": 8192, "absolute_start": 147456, "C": 0, "E": 147456, "D": 0, "T": 200000, "monotonic": 165783.495247083}
{"event": "progress", "case": "m6-200000", "segment": 9, "command_kind": "encode_rows", "layer": 1, "offset": 8192, "rows": 8192, "absolute_start": 155648, "C": 0, "E": 147456, "D": 0, "T": 200000, "monotonic": 165783.811584791}
{"event": "progress", "case": "m6-200000", "segment": 9, "command_kind": "end_layer", "layer": 1, "offset": 0, "rows": 16384, "absolute_start": null, "C": 0, "E": 147456, "D": 0, "T": 200000, "monotonic": 165783.81172425}
{"event": "progress", "case": "m6-200000", "segment": 9, "command_kind": "encode_rows", "layer": 2, "offset": 0, "rows": 8192, "absolute_start": 147456, "C": 0, "E": 147456, "D": 0, "T": 200000, "monotonic": 165785.205310041}
{"event": "progress", "case": "m6-200000", "segment": 9, "command_kind": "encode_rows", "layer": 2, "offset": 8192, "rows": 8192, "absolute_start": 155648, "C": 0, "E": 147456, "D": 0, "T": 200000, "monotonic": 165786.191792458}
{"event": "progress", "case": "m6-200000", "segment": 9, "command_kind": "end_layer", "layer": 2, "offset": 0, "rows": 16384, "absolute_start": null, "C": 0, "E": 147456, "D": 0, "T": 200000, "monotonic": 165786.191887166}
{"event": "progress", "case": "m6-200000", "segment": 9, "command_kind": "encode_rows", "layer": 3, "offset": 0, "rows": 8192, "absolute_start": 147456, "C": 0, "E": 147456, "D": 0, "T": 200000, "monotonic": 165786.192156708}
{"event": "progress", "case": "m6-200000", "segment": 9, "command_kind": "encode_rows", "layer": 3, "offset": 8192, "rows": 8192, "absolute_start": 155648, "C": 0, "E": 147456, "D": 0, "T": 200000, "monotonic": 165786.192360083}
{"event": "progress", "case": "m6-200000", "segment": 9, "command_kind": "end_layer", "layer": 3, "offset": 0, "rows": 16384, "absolute_start": null, "C": 0, "E": 147456, "D": 0, "T": 200000, "monotonic": 165786.192402458}
{"event": "progress", "case": "m6-200000", "segment": 9, "command_kind": "encode_rows", "layer": 4, "offset": 0, "rows": 8192, "absolute_start": 147456, "C": 0, "E": 147456, "D": 0, "T": 200000, "monotonic": 165786.192627875}
{"event": "progress", "case": "m6-200000", "segment": 9, "command_kind": "encode_rows", "layer": 4, "offset": 8192, "rows": 8192, "absolute_start": 155648, "C": 0, "E": 147456, "D": 0, "T": 200000, "monotonic": 165786.192819833}
{"event": "progress", "case": "m6-200000", "segment": 9, "command_kind": "end_layer", "layer": 4, "offset": 0, "rows": 16384, "absolute_start": null, "C": 0, "E": 147456, "D": 0, "T": 200000, "monotonic": 165786.192858708}
{"event": "progress", "case": "m6-200000", "segment": 9, "command_kind": "encode_rows", "layer": 5, "offset": 0, "rows": 8192, "absolute_start": 147456, "C": 0, "E": 147456, "D": 0, "T": 200000, "monotonic": 165786.193076166}
{"event": "progress", "case": "m6-200000", "segment": 9, "command_kind": "encode_rows", "layer": 5, "offset": 8192, "rows": 8192, "absolute_start": 155648, "C": 0, "E": 147456, "D": 0, "T": 200000, "monotonic": 165786.193265625}
{"event": "progress", "case": "m6-200000", "segment": 9, "command_kind": "end_layer", "layer": 5, "offset": 0, "rows": 16384, "absolute_start": null, "C": 0, "E": 147456, "D": 0, "T": 200000, "monotonic": 165786.193303791}
{"event": "progress", "case": "m6-200000", "segment": 9, "command_kind": "encode_rows", "layer": 6, "offset": 0, "rows": 8192, "absolute_start": 147456, "C": 0, "E": 147456, "D": 0, "T": 200000, "monotonic": 165786.193513458}
{"event": "progress", "case": "m6-200000", "segment": 9, "command_kind": "encode_rows", "layer": 6, "offset": 8192, "rows": 8192, "absolute_start": 155648, "C": 0, "E": 147456, "D": 0, "T": 200000, "monotonic": 165786.193697666}
{"event": "progress", "case": "m6-200000", "segment": 9, "command_kind": "end_layer", "layer": 6, "offset": 0, "rows": 16384, "absolute_start": null, "C": 0, "E": 147456, "D": 0, "T": 200000, "monotonic": 165786.193735208}
{"event": "progress", "case": "m6-200000", "segment": 9, "command_kind": "encode_rows", "layer": 7, "offset": 0, "rows": 8192, "absolute_start": 147456, "C": 0, "E": 147456, "D": 0, "T": 200000, "monotonic": 165786.193944791}
{"event": "progress", "case": "m6-200000", "segment": 9, "command_kind": "encode_rows", "layer": 7, "offset": 8192, "rows": 8192, "absolute_start": 155648, "C": 0, "E": 147456, "D": 0, "T": 200000, "monotonic": 165786.194131583}
{"event": "progress", "case": "m6-200000", "segment": 9, "command_kind": "end_layer", "layer": 7, "offset": 0, "rows": 16384, "absolute_start": null, "C": 0, "E": 147456, "D": 0, "T": 200000, "monotonic": 165786.194169083}
{"event": "progress", "case": "m6-200000", "segment": 9, "command_kind": "encode_rows", "layer": 8, "offset": 0, "rows": 8192, "absolute_start": 147456, "C": 0, "E": 147456, "D": 0, "T": 200000, "monotonic": 165791.647674666}
{"event": "progress", "case": "m6-200000", "segment": 9, "command_kind": "encode_rows", "layer": 8, "offset": 8192, "rows": 8192, "absolute_start": 155648, "C": 0, "E": 147456, "D": 0, "T": 200000, "monotonic": 165792.683269125}
{"event": "progress", "case": "m6-200000", "segment": 9, "command_kind": "end_layer", "layer": 8, "offset": 0, "rows": 16384, "absolute_start": null, "C": 0, "E": 147456, "D": 0, "T": 200000, "monotonic": 165792.683365958}
{"event": "progress", "case": "m6-200000", "segment": 9, "command_kind": "encode_rows", "layer": 9, "offset": 0, "rows": 8192, "absolute_start": 147456, "C": 0, "E": 147456, "D": 0, "T": 200000, "monotonic": 165792.683640166}
{"event": "progress", "case": "m6-200000", "segment": 9, "command_kind": "encode_rows", "layer": 9, "offset": 8192, "rows": 8192, "absolute_start": 155648, "C": 0, "E": 147456, "D": 0, "T": 200000, "monotonic": 165792.683844958}
{"event": "progress", "case": "m6-200000", "segment": 9, "command_kind": "end_layer", "layer": 9, "offset": 0, "rows": 16384, "absolute_start": null, "C": 0, "E": 147456, "D": 0, "T": 200000, "monotonic": 165792.683886458}
{"event": "progress", "case": "m6-200000", "segment": 9, "command_kind": "encode_rows", "layer": 10, "offset": 0, "rows": 8192, "absolute_start": 147456, "C": 0, "E": 147456, "D": 0, "T": 200000, "monotonic": 165792.684108375}
{"event": "progress", "case": "m6-200000", "segment": 9, "command_kind": "encode_rows", "layer": 10, "offset": 8192, "rows": 8192, "absolute_start": 155648, "C": 0, "E": 147456, "D": 0, "T": 200000, "monotonic": 165792.684299125}
{"event": "progress", "case": "m6-200000", "segment": 9, "command_kind": "end_layer", "layer": 10, "offset": 0, "rows": 16384, "absolute_start": null, "C": 0, "E": 147456, "D": 0, "T": 200000, "monotonic": 165792.684338791}
{"event": "progress", "case": "m6-200000", "segment": 9, "command_kind": "encode_rows", "layer": 11, "offset": 0, "rows": 8192, "absolute_start": 147456, "C": 0, "E": 147456, "D": 0, "T": 200000, "monotonic": 165792.684554833}
{"event": "progress", "case": "m6-200000", "segment": 9, "command_kind": "encode_rows", "layer": 11, "offset": 8192, "rows": 8192, "absolute_start": 155648, "C": 0, "E": 147456, "D": 0, "T": 200000, "monotonic": 165792.68474175}
{"event": "progress", "case": "m6-200000", "segment": 9, "command_kind": "end_layer", "layer": 11, "offset": 0, "rows": 16384, "absolute_start": null, "C": 0, "E": 147456, "D": 0, "T": 200000, "monotonic": 165792.684780291}
{"event": "progress", "case": "m6-200000", "segment": 9, "command_kind": "encode_rows", "layer": 12, "offset": 0, "rows": 8192, "absolute_start": 147456, "C": 0, "E": 147456, "D": 0, "T": 200000, "monotonic": 165792.684990791}
{"event": "progress", "case": "m6-200000", "segment": 9, "command_kind": "encode_rows", "layer": 12, "offset": 8192, "rows": 8192, "absolute_start": 155648, "C": 0, "E": 147456, "D": 0, "T": 200000, "monotonic": 165792.685176125}
{"event": "progress", "case": "m6-200000", "segment": 9, "command_kind": "end_layer", "layer": 12, "offset": 0, "rows": 16384, "absolute_start": null, "C": 0, "E": 147456, "D": 0, "T": 200000, "monotonic": 165792.685215125}
{"event": "progress", "case": "m6-200000", "segment": 9, "command_kind": "encode_rows", "layer": 13, "offset": 0, "rows": 8192, "absolute_start": 147456, "C": 0, "E": 147456, "D": 0, "T": 200000, "monotonic": 165792.685423458}
{"event": "progress", "case": "m6-200000", "segment": 9, "command_kind": "encode_rows", "layer": 13, "offset": 8192, "rows": 8192, "absolute_start": 155648, "C": 0, "E": 147456, "D": 0, "T": 200000, "monotonic": 165792.685607333}
{"event": "progress", "case": "m6-200000", "segment": 9, "command_kind": "end_layer", "layer": 13, "offset": 0, "rows": 16384, "absolute_start": null, "C": 0, "E": 147456, "D": 0, "T": 200000, "monotonic": 165792.685644791}
{"event": "progress", "case": "m6-200000", "segment": 9, "command_kind": "encode_rows", "layer": 14, "offset": 0, "rows": 8192, "absolute_start": 147456, "C": 0, "E": 147456, "D": 0, "T": 200000, "monotonic": 165798.270378875}
{"event": "progress", "case": "m6-200000", "segment": 9, "command_kind": "encode_rows", "layer": 14, "offset": 8192, "rows": 8192, "absolute_start": 155648, "C": 0, "E": 147456, "D": 0, "T": 200000, "monotonic": 165799.448786791}
{"event": "progress", "case": "m6-200000", "segment": 9, "command_kind": "end_layer", "layer": 14, "offset": 0, "rows": 16384, "absolute_start": null, "C": 0, "E": 147456, "D": 0, "T": 200000, "monotonic": 165799.448885125}
{"event": "progress", "case": "m6-200000", "segment": 9, "command_kind": "encode_rows", "layer": 15, "offset": 0, "rows": 8192, "absolute_start": 147456, "C": 0, "E": 147456, "D": 0, "T": 200000, "monotonic": 165799.449164333}
{"event": "progress", "case": "m6-200000", "segment": 9, "command_kind": "encode_rows", "layer": 15, "offset": 8192, "rows": 8192, "absolute_start": 155648, "C": 0, "E": 147456, "D": 0, "T": 200000, "monotonic": 165799.449374833}
{"event": "progress", "case": "m6-200000", "segment": 9, "command_kind": "end_layer", "layer": 15, "offset": 0, "rows": 16384, "absolute_start": null, "C": 0, "E": 147456, "D": 0, "T": 200000, "monotonic": 165799.449416625}
{"event": "progress", "case": "m6-200000", "segment": 9, "command_kind": "encode_rows", "layer": 16, "offset": 0, "rows": 8192, "absolute_start": 147456, "C": 0, "E": 147456, "D": 0, "T": 200000, "monotonic": 165799.449637958}
{"event": "progress", "case": "m6-200000", "segment": 9, "command_kind": "encode_rows", "layer": 16, "offset": 8192, "rows": 8192, "absolute_start": 155648, "C": 0, "E": 147456, "D": 0, "T": 200000, "monotonic": 165799.449829583}
{"event": "progress", "case": "m6-200000", "segment": 9, "command_kind": "end_layer", "layer": 16, "offset": 0, "rows": 16384, "absolute_start": null, "C": 0, "E": 147456, "D": 0, "T": 200000, "monotonic": 165799.449868125}
{"event": "progress", "case": "m6-200000", "segment": 9, "command_kind": "encode_rows", "layer": 17, "offset": 0, "rows": 8192, "absolute_start": 147456, "C": 0, "E": 147456, "D": 0, "T": 200000, "monotonic": 165799.450085333}
{"event": "progress", "case": "m6-200000", "segment": 9, "command_kind": "encode_rows", "layer": 17, "offset": 8192, "rows": 8192, "absolute_start": 155648, "C": 0, "E": 147456, "D": 0, "T": 200000, "monotonic": 165799.450273666}
{"event": "progress", "case": "m6-200000", "segment": 9, "command_kind": "end_layer", "layer": 17, "offset": 0, "rows": 16384, "absolute_start": null, "C": 0, "E": 147456, "D": 0, "T": 200000, "monotonic": 165799.450313333}
{"event": "progress", "case": "m6-200000", "segment": 9, "command_kind": "encode_rows", "layer": 18, "offset": 0, "rows": 8192, "absolute_start": 147456, "C": 0, "E": 147456, "D": 0, "T": 200000, "monotonic": 165799.450525208}
{"event": "progress", "case": "m6-200000", "segment": 9, "command_kind": "encode_rows", "layer": 18, "offset": 8192, "rows": 8192, "absolute_start": 155648, "C": 0, "E": 147456, "D": 0, "T": 200000, "monotonic": 165799.450712958}
{"event": "progress", "case": "m6-200000", "segment": 9, "command_kind": "end_layer", "layer": 18, "offset": 0, "rows": 16384, "absolute_start": null, "C": 0, "E": 147456, "D": 0, "T": 200000, "monotonic": 165799.450750875}
{"event": "progress", "case": "m6-200000", "segment": 9, "command_kind": "encode_rows", "layer": 19, "offset": 0, "rows": 8192, "absolute_start": 147456, "C": 0, "E": 147456, "D": 0, "T": 200000, "monotonic": 165799.450963125}
{"event": "progress", "case": "m6-200000", "segment": 9, "command_kind": "encode_rows", "layer": 19, "offset": 8192, "rows": 8192, "absolute_start": 155648, "C": 0, "E": 147456, "D": 0, "T": 200000, "monotonic": 165799.451149208}
{"event": "progress", "case": "m6-200000", "segment": 9, "command_kind": "end_layer", "layer": 19, "offset": 0, "rows": 16384, "absolute_start": null, "C": 0, "E": 147456, "D": 0, "T": 200000, "monotonic": 165799.451187083}
{"event": "progress", "case": "m6-200000", "segment": 9, "command_kind": "p6_source_complete_and_detach_cone", "layer": null, "offset": 0, "rows": 0, "absolute_start": null, "C": 0, "E": 147456, "D": 0, "T": 200000, "monotonic": 165803.965914958}
{"segment": {"seq": 9, "mode": "ENCODER_SOURCE_ONLY", "start": 147456, "count": 16384, "elapsed_wall_s": 21.33576266700402, "effective_tokens_per_s": 767.9125539457762, "C": 0, "E": 163840, "D": 0, "T": 200000, "last_completed_command": "encoder_only_complete_still_invalid", "last_completed_layer": null, "records": 147, "p7": {"enabled": true, "prefetch_submissions": 16, "logical_match_consumptions": 16, "donor_observed_consumptions": 16, "fallback_mismatches": 0, "drains": 1, "read_ahead_already_ready": 20}, "source_generations": {"20": 10}, "public_frontiers_head": [0, 0, 0, 0]}}
{"event": "progress", "case": "m6-200000", "segment": 10, "command_kind": "encode_rows", "layer": 0, "offset": 0, "rows": 8192, "absolute_start": 163840, "C": 0, "E": 163840, "D": 0, "T": 200000, "monotonic": 165803.971660125}
{"event": "progress", "case": "m6-200000", "segment": 10, "command_kind": "encode_rows", "layer": 0, "offset": 8192, "rows": 8192, "absolute_start": 172032, "C": 0, "E": 163840, "D": 0, "T": 200000, "monotonic": 165803.971905333}
{"event": "progress", "case": "m6-200000", "segment": 10, "command_kind": "end_layer", "layer": 0, "offset": 0, "rows": 16384, "absolute_start": null, "C": 0, "E": 163840, "D": 0, "T": 200000, "monotonic": 165803.971959625}
{"event": "progress", "case": "m6-200000", "segment": 10, "command_kind": "encode_rows", "layer": 1, "offset": 0, "rows": 8192, "absolute_start": 163840, "C": 0, "E": 163840, "D": 0, "T": 200000, "monotonic": 165804.8463985}
{"event": "progress", "case": "m6-200000", "segment": 10, "command_kind": "encode_rows", "layer": 1, "offset": 8192, "rows": 8192, "absolute_start": 172032, "C": 0, "E": 163840, "D": 0, "T": 200000, "monotonic": 165805.160455291}
{"event": "progress", "case": "m6-200000", "segment": 10, "command_kind": "end_layer", "layer": 1, "offset": 0, "rows": 16384, "absolute_start": null, "C": 0, "E": 163840, "D": 0, "T": 200000, "monotonic": 165805.160596083}
{"event": "progress", "case": "m6-200000", "segment": 10, "command_kind": "encode_rows", "layer": 2, "offset": 0, "rows": 8192, "absolute_start": 163840, "C": 0, "E": 163840, "D": 0, "T": 200000, "monotonic": 165806.618143208}
{"event": "progress", "case": "m6-200000", "segment": 10, "command_kind": "encode_rows", "layer": 2, "offset": 8192, "rows": 8192, "absolute_start": 172032, "C": 0, "E": 163840, "D": 0, "T": 200000, "monotonic": 165807.664686791}
{"event": "progress", "case": "m6-200000", "segment": 10, "command_kind": "end_layer", "layer": 2, "offset": 0, "rows": 16384, "absolute_start": null, "C": 0, "E": 163840, "D": 0, "T": 200000, "monotonic": 165807.664775666}
{"event": "progress", "case": "m6-200000", "segment": 10, "command_kind": "encode_rows", "layer": 3, "offset": 0, "rows": 8192, "absolute_start": 163840, "C": 0, "E": 163840, "D": 0, "T": 200000, "monotonic": 165807.665049}
{"event": "progress", "case": "m6-200000", "segment": 10, "command_kind": "encode_rows", "layer": 3, "offset": 8192, "rows": 8192, "absolute_start": 172032, "C": 0, "E": 163840, "D": 0, "T": 200000, "monotonic": 165807.665258291}
{"event": "progress", "case": "m6-200000", "segment": 10, "command_kind": "end_layer", "layer": 3, "offset": 0, "rows": 16384, "absolute_start": null, "C": 0, "E": 163840, "D": 0, "T": 200000, "monotonic": 165807.665299708}
{"event": "progress", "case": "m6-200000", "segment": 10, "command_kind": "encode_rows", "layer": 4, "offset": 0, "rows": 8192, "absolute_start": 163840, "C": 0, "E": 163840, "D": 0, "T": 200000, "monotonic": 165807.665523375}
{"event": "progress", "case": "m6-200000", "segment": 10, "command_kind": "encode_rows", "layer": 4, "offset": 8192, "rows": 8192, "absolute_start": 172032, "C": 0, "E": 163840, "D": 0, "T": 200000, "monotonic": 165807.665714375}
{"event": "progress", "case": "m6-200000", "segment": 10, "command_kind": "end_layer", "layer": 4, "offset": 0, "rows": 16384, "absolute_start": null, "C": 0, "E": 163840, "D": 0, "T": 200000, "monotonic": 165807.665753333}
{"event": "progress", "case": "m6-200000", "segment": 10, "command_kind": "encode_rows", "layer": 5, "offset": 0, "rows": 8192, "absolute_start": 163840, "C": 0, "E": 163840, "D": 0, "T": 200000, "monotonic": 165807.665971333}
{"event": "progress", "case": "m6-200000", "segment": 10, "command_kind": "encode_rows", "layer": 5, "offset": 8192, "rows": 8192, "absolute_start": 172032, "C": 0, "E": 163840, "D": 0, "T": 200000, "monotonic": 165807.666160708}
{"event": "progress", "case": "m6-200000", "segment": 10, "command_kind": "end_layer", "layer": 5, "offset": 0, "rows": 16384, "absolute_start": null, "C": 0, "E": 163840, "D": 0, "T": 200000, "monotonic": 165807.6661985}
{"event": "progress", "case": "m6-200000", "segment": 10, "command_kind": "encode_rows", "layer": 6, "offset": 0, "rows": 8192, "absolute_start": 163840, "C": 0, "E": 163840, "D": 0, "T": 200000, "monotonic": 165807.666412625}
{"event": "progress", "case": "m6-200000", "segment": 10, "command_kind": "encode_rows", "layer": 6, "offset": 8192, "rows": 8192, "absolute_start": 172032, "C": 0, "E": 163840, "D": 0, "T": 200000, "monotonic": 165807.666601625}
{"event": "progress", "case": "m6-200000", "segment": 10, "command_kind": "end_layer", "layer": 6, "offset": 0, "rows": 16384, "absolute_start": null, "C": 0, "E": 163840, "D": 0, "T": 200000, "monotonic": 165807.666639916}
{"event": "progress", "case": "m6-200000", "segment": 10, "command_kind": "encode_rows", "layer": 7, "offset": 0, "rows": 8192, "absolute_start": 163840, "C": 0, "E": 163840, "D": 0, "T": 200000, "monotonic": 165807.666851833}
{"event": "progress", "case": "m6-200000", "segment": 10, "command_kind": "encode_rows", "layer": 7, "offset": 8192, "rows": 8192, "absolute_start": 172032, "C": 0, "E": 163840, "D": 0, "T": 200000, "monotonic": 165807.667037666}
{"event": "progress", "case": "m6-200000", "segment": 10, "command_kind": "end_layer", "layer": 7, "offset": 0, "rows": 16384, "absolute_start": null, "C": 0, "E": 163840, "D": 0, "T": 200000, "monotonic": 165807.667075166}
{"event": "progress", "case": "m6-200000", "segment": 10, "command_kind": "encode_rows", "layer": 8, "offset": 0, "rows": 8192, "absolute_start": 163840, "C": 0, "E": 163840, "D": 0, "T": 200000, "monotonic": 165813.158389958}
{"event": "progress", "case": "m6-200000", "segment": 10, "command_kind": "encode_rows", "layer": 8, "offset": 8192, "rows": 8192, "absolute_start": 172032, "C": 0, "E": 163840, "D": 0, "T": 200000, "monotonic": 165814.22251675}
{"event": "progress", "case": "m6-200000", "segment": 10, "command_kind": "end_layer", "layer": 8, "offset": 0, "rows": 16384, "absolute_start": null, "C": 0, "E": 163840, "D": 0, "T": 200000, "monotonic": 165814.222616041}
{"event": "progress", "case": "m6-200000", "segment": 10, "command_kind": "encode_rows", "layer": 9, "offset": 0, "rows": 8192, "absolute_start": 163840, "C": 0, "E": 163840, "D": 0, "T": 200000, "monotonic": 165814.222899666}
{"event": "progress", "case": "m6-200000", "segment": 10, "command_kind": "encode_rows", "layer": 9, "offset": 8192, "rows": 8192, "absolute_start": 172032, "C": 0, "E": 163840, "D": 0, "T": 200000, "monotonic": 165814.223112083}
{"event": "progress", "case": "m6-200000", "segment": 10, "command_kind": "end_layer", "layer": 9, "offset": 0, "rows": 16384, "absolute_start": null, "C": 0, "E": 163840, "D": 0, "T": 200000, "monotonic": 165814.223153708}
{"event": "progress", "case": "m6-200000", "segment": 10, "command_kind": "encode_rows", "layer": 10, "offset": 0, "rows": 8192, "absolute_start": 163840, "C": 0, "E": 163840, "D": 0, "T": 200000, "monotonic": 165814.223376083}
{"event": "progress", "case": "m6-200000", "segment": 10, "command_kind": "encode_rows", "layer": 10, "offset": 8192, "rows": 8192, "absolute_start": 172032, "C": 0, "E": 163840, "D": 0, "T": 200000, "monotonic": 165814.223568916}
{"event": "progress", "case": "m6-200000", "segment": 10, "command_kind": "end_layer", "layer": 10, "offset": 0, "rows": 16384, "absolute_start": null, "C": 0, "E": 163840, "D": 0, "T": 200000, "monotonic": 165814.223606708}
{"event": "progress", "case": "m6-200000", "segment": 10, "command_kind": "encode_rows", "layer": 11, "offset": 0, "rows": 8192, "absolute_start": 163840, "C": 0, "E": 163840, "D": 0, "T": 200000, "monotonic": 165814.223828875}
{"event": "progress", "case": "m6-200000", "segment": 10, "command_kind": "encode_rows", "layer": 11, "offset": 8192, "rows": 8192, "absolute_start": 172032, "C": 0, "E": 163840, "D": 0, "T": 200000, "monotonic": 165814.224020208}
{"event": "progress", "case": "m6-200000", "segment": 10, "command_kind": "end_layer", "layer": 11, "offset": 0, "rows": 16384, "absolute_start": null, "C": 0, "E": 163840, "D": 0, "T": 200000, "monotonic": 165814.22406075}
{"event": "progress", "case": "m6-200000", "segment": 10, "command_kind": "encode_rows", "layer": 12, "offset": 0, "rows": 8192, "absolute_start": 163840, "C": 0, "E": 163840, "D": 0, "T": 200000, "monotonic": 165814.224276458}
{"event": "progress", "case": "m6-200000", "segment": 10, "command_kind": "encode_rows", "layer": 12, "offset": 8192, "rows": 8192, "absolute_start": 172032, "C": 0, "E": 163840, "D": 0, "T": 200000, "monotonic": 165814.224463625}
{"event": "progress", "case": "m6-200000", "segment": 10, "command_kind": "end_layer", "layer": 12, "offset": 0, "rows": 16384, "absolute_start": null, "C": 0, "E": 163840, "D": 0, "T": 200000, "monotonic": 165814.224503416}
{"event": "progress", "case": "m6-200000", "segment": 10, "command_kind": "encode_rows", "layer": 13, "offset": 0, "rows": 8192, "absolute_start": 163840, "C": 0, "E": 163840, "D": 0, "T": 200000, "monotonic": 165814.224719125}
{"event": "progress", "case": "m6-200000", "segment": 10, "command_kind": "encode_rows", "layer": 13, "offset": 8192, "rows": 8192, "absolute_start": 172032, "C": 0, "E": 163840, "D": 0, "T": 200000, "monotonic": 165814.224904958}
{"event": "progress", "case": "m6-200000", "segment": 10, "command_kind": "end_layer", "layer": 13, "offset": 0, "rows": 16384, "absolute_start": null, "C": 0, "E": 163840, "D": 0, "T": 200000, "monotonic": 165814.224942791}
{"event": "progress", "case": "m6-200000", "segment": 10, "command_kind": "encode_rows", "layer": 14, "offset": 0, "rows": 8192, "absolute_start": 163840, "C": 0, "E": 163840, "D": 0, "T": 200000, "monotonic": 165819.846885708}
{"event": "progress", "case": "m6-200000", "segment": 10, "command_kind": "encode_rows", "layer": 14, "offset": 8192, "rows": 8192, "absolute_start": 172032, "C": 0, "E": 163840, "D": 0, "T": 200000, "monotonic": 165821.078478666}
{"event": "progress", "case": "m6-200000", "segment": 10, "command_kind": "end_layer", "layer": 14, "offset": 0, "rows": 16384, "absolute_start": null, "C": 0, "E": 163840, "D": 0, "T": 200000, "monotonic": 165821.078577791}
{"event": "progress", "case": "m6-200000", "segment": 10, "command_kind": "encode_rows", "layer": 15, "offset": 0, "rows": 8192, "absolute_start": 163840, "C": 0, "E": 163840, "D": 0, "T": 200000, "monotonic": 165821.078857625}
{"event": "progress", "case": "m6-200000", "segment": 10, "command_kind": "encode_rows", "layer": 15, "offset": 8192, "rows": 8192, "absolute_start": 172032, "C": 0, "E": 163840, "D": 0, "T": 200000, "monotonic": 165821.079062791}
{"event": "progress", "case": "m6-200000", "segment": 10, "command_kind": "end_layer", "layer": 15, "offset": 0, "rows": 16384, "absolute_start": null, "C": 0, "E": 163840, "D": 0, "T": 200000, "monotonic": 165821.079105083}
{"event": "progress", "case": "m6-200000", "segment": 10, "command_kind": "encode_rows", "layer": 16, "offset": 0, "rows": 8192, "absolute_start": 163840, "C": 0, "E": 163840, "D": 0, "T": 200000, "monotonic": 165821.079324875}
{"event": "progress", "case": "m6-200000", "segment": 10, "command_kind": "encode_rows", "layer": 16, "offset": 8192, "rows": 8192, "absolute_start": 172032, "C": 0, "E": 163840, "D": 0, "T": 200000, "monotonic": 165821.079516875}
{"event": "progress", "case": "m6-200000", "segment": 10, "command_kind": "end_layer", "layer": 16, "offset": 0, "rows": 16384, "absolute_start": null, "C": 0, "E": 163840, "D": 0, "T": 200000, "monotonic": 165821.07955625}
{"event": "progress", "case": "m6-200000", "segment": 10, "command_kind": "encode_rows", "layer": 17, "offset": 0, "rows": 8192, "absolute_start": 163840, "C": 0, "E": 163840, "D": 0, "T": 200000, "monotonic": 165821.079769541}
{"event": "progress", "case": "m6-200000", "segment": 10, "command_kind": "encode_rows", "layer": 17, "offset": 8192, "rows": 8192, "absolute_start": 172032, "C": 0, "E": 163840, "D": 0, "T": 200000, "monotonic": 165821.079956375}
{"event": "progress", "case": "m6-200000", "segment": 10, "command_kind": "end_layer", "layer": 17, "offset": 0, "rows": 16384, "absolute_start": null, "C": 0, "E": 163840, "D": 0, "T": 200000, "monotonic": 165821.079995791}
{"event": "progress", "case": "m6-200000", "segment": 10, "command_kind": "encode_rows", "layer": 18, "offset": 0, "rows": 8192, "absolute_start": 163840, "C": 0, "E": 163840, "D": 0, "T": 200000, "monotonic": 165821.080206958}
{"event": "progress", "case": "m6-200000", "segment": 10, "command_kind": "encode_rows", "layer": 18, "offset": 8192, "rows": 8192, "absolute_start": 172032, "C": 0, "E": 163840, "D": 0, "T": 200000, "monotonic": 165821.080393041}
{"event": "progress", "case": "m6-200000", "segment": 10, "command_kind": "end_layer", "layer": 18, "offset": 0, "rows": 16384, "absolute_start": null, "C": 0, "E": 163840, "D": 0, "T": 200000, "monotonic": 165821.080431166}
{"event": "progress", "case": "m6-200000", "segment": 10, "command_kind": "encode_rows", "layer": 19, "offset": 0, "rows": 8192, "absolute_start": 163840, "C": 0, "E": 163840, "D": 0, "T": 200000, "monotonic": 165821.080643041}
{"event": "progress", "case": "m6-200000", "segment": 10, "command_kind": "encode_rows", "layer": 19, "offset": 8192, "rows": 8192, "absolute_start": 172032, "C": 0, "E": 163840, "D": 0, "T": 200000, "monotonic": 165821.080830791}
{"event": "progress", "case": "m6-200000", "segment": 10, "command_kind": "end_layer", "layer": 19, "offset": 0, "rows": 16384, "absolute_start": null, "C": 0, "E": 163840, "D": 0, "T": 200000, "monotonic": 165821.080869291}
{"event": "progress", "case": "m6-200000", "segment": 10, "command_kind": "p6_source_complete_and_detach_cone", "layer": null, "offset": 0, "rows": 0, "absolute_start": null, "C": 0, "E": 163840, "D": 0, "T": 200000, "monotonic": 165825.582485666}
{"segment": {"seq": 10, "mode": "ENCODER_SOURCE_ONLY", "start": 163840, "count": 16384, "elapsed_wall_s": 21.616524416022003, "effective_tokens_per_s": 757.9386808295743, "C": 0, "E": 180224, "D": 0, "T": 200000, "last_completed_command": "encoder_only_complete_still_invalid", "last_completed_layer": null, "records": 147, "p7": {"enabled": true, "prefetch_submissions": 16, "logical_match_consumptions": 16, "donor_observed_consumptions": 16, "fallback_mismatches": 0, "drains": 1, "read_ahead_already_ready": 20}, "source_generations": {"20": 11}, "public_frontiers_head": [0, 0, 0, 0]}}
{"event": "progress", "case": "m6-200000", "segment": 11, "command_kind": "encode_rows", "layer": 0, "offset": 0, "rows": 8192, "absolute_start": 180224, "C": 0, "E": 180224, "D": 0, "T": 200000, "monotonic": 165825.588371125}
{"event": "progress", "case": "m6-200000", "segment": 11, "command_kind": "encode_rows", "layer": 0, "offset": 8192, "rows": 8192, "absolute_start": 188416, "C": 0, "E": 180224, "D": 0, "T": 200000, "monotonic": 165825.588624625}
{"event": "progress", "case": "m6-200000", "segment": 11, "command_kind": "end_layer", "layer": 0, "offset": 0, "rows": 16384, "absolute_start": null, "C": 0, "E": 180224, "D": 0, "T": 200000, "monotonic": 165825.58868075}
{"event": "progress", "case": "m6-200000", "segment": 11, "command_kind": "encode_rows", "layer": 1, "offset": 0, "rows": 8192, "absolute_start": 180224, "C": 0, "E": 180224, "D": 0, "T": 200000, "monotonic": 165826.450050791}
{"event": "progress", "case": "m6-200000", "segment": 11, "command_kind": "encode_rows", "layer": 1, "offset": 8192, "rows": 8192, "absolute_start": 188416, "C": 0, "E": 180224, "D": 0, "T": 200000, "monotonic": 165826.7645525}
{"event": "progress", "case": "m6-200000", "segment": 11, "command_kind": "end_layer", "layer": 1, "offset": 0, "rows": 16384, "absolute_start": null, "C": 0, "E": 180224, "D": 0, "T": 200000, "monotonic": 165826.76470475}
{"event": "progress", "case": "m6-200000", "segment": 11, "command_kind": "encode_rows", "layer": 2, "offset": 0, "rows": 8192, "absolute_start": 180224, "C": 0, "E": 180224, "D": 0, "T": 200000, "monotonic": 165828.254399958}
{"event": "progress", "case": "m6-200000", "segment": 11, "command_kind": "encode_rows", "layer": 2, "offset": 8192, "rows": 8192, "absolute_start": 188416, "C": 0, "E": 180224, "D": 0, "T": 200000, "monotonic": 165829.409144666}
{"event": "progress", "case": "m6-200000", "segment": 11, "command_kind": "end_layer", "layer": 2, "offset": 0, "rows": 16384, "absolute_start": null, "C": 0, "E": 180224, "D": 0, "T": 200000, "monotonic": 165829.409241291}
{"event": "progress", "case": "m6-200000", "segment": 11, "command_kind": "encode_rows", "layer": 3, "offset": 0, "rows": 8192, "absolute_start": 180224, "C": 0, "E": 180224, "D": 0, "T": 200000, "monotonic": 165829.409517416}
{"event": "progress", "case": "m6-200000", "segment": 11, "command_kind": "encode_rows", "layer": 3, "offset": 8192, "rows": 8192, "absolute_start": 188416, "C": 0, "E": 180224, "D": 0, "T": 200000, "monotonic": 165829.4097245}
{"event": "progress", "case": "m6-200000", "segment": 11, "command_kind": "end_layer", "layer": 3, "offset": 0, "rows": 16384, "absolute_start": null, "C": 0, "E": 180224, "D": 0, "T": 200000, "monotonic": 165829.409766375}
{"event": "progress", "case": "m6-200000", "segment": 11, "command_kind": "encode_rows", "layer": 4, "offset": 0, "rows": 8192, "absolute_start": 180224, "C": 0, "E": 180224, "D": 0, "T": 200000, "monotonic": 165829.409990208}
{"event": "progress", "case": "m6-200000", "segment": 11, "command_kind": "encode_rows", "layer": 4, "offset": 8192, "rows": 8192, "absolute_start": 188416, "C": 0, "E": 180224, "D": 0, "T": 200000, "monotonic": 165829.410183583}
{"event": "progress", "case": "m6-200000", "segment": 11, "command_kind": "end_layer", "layer": 4, "offset": 0, "rows": 16384, "absolute_start": null, "C": 0, "E": 180224, "D": 0, "T": 200000, "monotonic": 165829.410222791}
{"event": "progress", "case": "m6-200000", "segment": 11, "command_kind": "encode_rows", "layer": 5, "offset": 0, "rows": 8192, "absolute_start": 180224, "C": 0, "E": 180224, "D": 0, "T": 200000, "monotonic": 165829.410439916}
{"event": "progress", "case": "m6-200000", "segment": 11, "command_kind": "encode_rows", "layer": 5, "offset": 8192, "rows": 8192, "absolute_start": 188416, "C": 0, "E": 180224, "D": 0, "T": 200000, "monotonic": 165829.410633125}
{"event": "progress", "case": "m6-200000", "segment": 11, "command_kind": "end_layer", "layer": 5, "offset": 0, "rows": 16384, "absolute_start": null, "C": 0, "E": 180224, "D": 0, "T": 200000, "monotonic": 165829.410671916}
{"event": "progress", "case": "m6-200000", "segment": 11, "command_kind": "encode_rows", "layer": 6, "offset": 0, "rows": 8192, "absolute_start": 180224, "C": 0, "E": 180224, "D": 0, "T": 200000, "monotonic": 165829.41088425}
{"event": "progress", "case": "m6-200000", "segment": 11, "command_kind": "encode_rows", "layer": 6, "offset": 8192, "rows": 8192, "absolute_start": 188416, "C": 0, "E": 180224, "D": 0, "T": 200000, "monotonic": 165829.411073166}
{"event": "progress", "case": "m6-200000", "segment": 11, "command_kind": "end_layer", "layer": 6, "offset": 0, "rows": 16384, "absolute_start": null, "C": 0, "E": 180224, "D": 0, "T": 200000, "monotonic": 165829.411111791}
{"event": "progress", "case": "m6-200000", "segment": 11, "command_kind": "encode_rows", "layer": 7, "offset": 0, "rows": 8192, "absolute_start": 180224, "C": 0, "E": 180224, "D": 0, "T": 200000, "monotonic": 165829.411322583}
{"event": "progress", "case": "m6-200000", "segment": 11, "command_kind": "encode_rows", "layer": 7, "offset": 8192, "rows": 8192, "absolute_start": 188416, "C": 0, "E": 180224, "D": 0, "T": 200000, "monotonic": 165829.411508416}
{"event": "progress", "case": "m6-200000", "segment": 11, "command_kind": "end_layer", "layer": 7, "offset": 0, "rows": 16384, "absolute_start": null, "C": 0, "E": 180224, "D": 0, "T": 200000, "monotonic": 165829.411546708}
{"event": "progress", "case": "m6-200000", "segment": 11, "command_kind": "encode_rows", "layer": 8, "offset": 0, "rows": 8192, "absolute_start": 180224, "C": 0, "E": 180224, "D": 0, "T": 200000, "monotonic": 165834.967970291}
{"event": "progress", "case": "m6-200000", "segment": 11, "command_kind": "encode_rows", "layer": 8, "offset": 8192, "rows": 8192, "absolute_start": 188416, "C": 0, "E": 180224, "D": 0, "T": 200000, "monotonic": 165836.066960791}
{"event": "progress", "case": "m6-200000", "segment": 11, "command_kind": "end_layer", "layer": 8, "offset": 0, "rows": 16384, "absolute_start": null, "C": 0, "E": 180224, "D": 0, "T": 200000, "monotonic": 165836.067057625}
{"event": "progress", "case": "m6-200000", "segment": 11, "command_kind": "encode_rows", "layer": 9, "offset": 0, "rows": 8192, "absolute_start": 180224, "C": 0, "E": 180224, "D": 0, "T": 200000, "monotonic": 165836.067331791}
{"event": "progress", "case": "m6-200000", "segment": 11, "command_kind": "encode_rows", "layer": 9, "offset": 8192, "rows": 8192, "absolute_start": 188416, "C": 0, "E": 180224, "D": 0, "T": 200000, "monotonic": 165836.067537583}
{"event": "progress", "case": "m6-200000", "segment": 11, "command_kind": "end_layer", "layer": 9, "offset": 0, "rows": 16384, "absolute_start": null, "C": 0, "E": 180224, "D": 0, "T": 200000, "monotonic": 165836.06757875}
{"event": "progress", "case": "m6-200000", "segment": 11, "command_kind": "encode_rows", "layer": 10, "offset": 0, "rows": 8192, "absolute_start": 180224, "C": 0, "E": 180224, "D": 0, "T": 200000, "monotonic": 165836.067802666}
{"event": "progress", "case": "m6-200000", "segment": 11, "command_kind": "encode_rows", "layer": 10, "offset": 8192, "rows": 8192, "absolute_start": 188416, "C": 0, "E": 180224, "D": 0, "T": 200000, "monotonic": 165836.067997}
{"event": "progress", "case": "m6-200000", "segment": 11, "command_kind": "end_layer", "layer": 10, "offset": 0, "rows": 16384, "absolute_start": null, "C": 0, "E": 180224, "D": 0, "T": 200000, "monotonic": 165836.068036125}
{"event": "progress", "case": "m6-200000", "segment": 11, "command_kind": "encode_rows", "layer": 11, "offset": 0, "rows": 8192, "absolute_start": 180224, "C": 0, "E": 180224, "D": 0, "T": 200000, "monotonic": 165836.068257916}
{"event": "progress", "case": "m6-200000", "segment": 11, "command_kind": "encode_rows", "layer": 11, "offset": 8192, "rows": 8192, "absolute_start": 188416, "C": 0, "E": 180224, "D": 0, "T": 200000, "monotonic": 165836.068449416}
{"event": "progress", "case": "m6-200000", "segment": 11, "command_kind": "end_layer", "layer": 11, "offset": 0, "rows": 16384, "absolute_start": null, "C": 0, "E": 180224, "D": 0, "T": 200000, "monotonic": 165836.068488}
{"event": "progress", "case": "m6-200000", "segment": 11, "command_kind": "encode_rows", "layer": 12, "offset": 0, "rows": 8192, "absolute_start": 180224, "C": 0, "E": 180224, "D": 0, "T": 200000, "monotonic": 165836.068703291}
{"event": "progress", "case": "m6-200000", "segment": 11, "command_kind": "encode_rows", "layer": 12, "offset": 8192, "rows": 8192, "absolute_start": 188416, "C": 0, "E": 180224, "D": 0, "T": 200000, "monotonic": 165836.068891708}
{"event": "progress", "case": "m6-200000", "segment": 11, "command_kind": "end_layer", "layer": 12, "offset": 0, "rows": 16384, "absolute_start": null, "C": 0, "E": 180224, "D": 0, "T": 200000, "monotonic": 165836.068931041}
{"event": "progress", "case": "m6-200000", "segment": 11, "command_kind": "encode_rows", "layer": 13, "offset": 0, "rows": 8192, "absolute_start": 180224, "C": 0, "E": 180224, "D": 0, "T": 200000, "monotonic": 165836.069146125}
{"event": "progress", "case": "m6-200000", "segment": 11, "command_kind": "encode_rows", "layer": 13, "offset": 8192, "rows": 8192, "absolute_start": 188416, "C": 0, "E": 180224, "D": 0, "T": 200000, "monotonic": 165836.069333625}
{"event": "progress", "case": "m6-200000", "segment": 11, "command_kind": "end_layer", "layer": 13, "offset": 0, "rows": 16384, "absolute_start": null, "C": 0, "E": 180224, "D": 0, "T": 200000, "monotonic": 165836.069372708}
{"event": "progress", "case": "m6-200000", "segment": 11, "command_kind": "encode_rows", "layer": 14, "offset": 0, "rows": 8192, "absolute_start": 180224, "C": 0, "E": 180224, "D": 0, "T": 200000, "monotonic": 165841.814400666}
{"event": "progress", "case": "m6-200000", "segment": 11, "command_kind": "encode_rows", "layer": 14, "offset": 8192, "rows": 8192, "absolute_start": 188416, "C": 0, "E": 180224, "D": 0, "T": 200000, "monotonic": 165843.100305583}
{"event": "progress", "case": "m6-200000", "segment": 11, "command_kind": "end_layer", "layer": 14, "offset": 0, "rows": 16384, "absolute_start": null, "C": 0, "E": 180224, "D": 0, "T": 200000, "monotonic": 165843.100407208}
{"event": "progress", "case": "m6-200000", "segment": 11, "command_kind": "encode_rows", "layer": 15, "offset": 0, "rows": 8192, "absolute_start": 180224, "C": 0, "E": 180224, "D": 0, "T": 200000, "monotonic": 165843.100688625}
{"event": "progress", "case": "m6-200000", "segment": 11, "command_kind": "encode_rows", "layer": 15, "offset": 8192, "rows": 8192, "absolute_start": 188416, "C": 0, "E": 180224, "D": 0, "T": 200000, "monotonic": 165843.10089575}
{"event": "progress", "case": "m6-200000", "segment": 11, "command_kind": "end_layer", "layer": 15, "offset": 0, "rows": 16384, "absolute_start": null, "C": 0, "E": 180224, "D": 0, "T": 200000, "monotonic": 165843.100936708}
{"event": "progress", "case": "m6-200000", "segment": 11, "command_kind": "encode_rows", "layer": 16, "offset": 0, "rows": 8192, "absolute_start": 180224, "C": 0, "E": 180224, "D": 0, "T": 200000, "monotonic": 165843.101160666}
{"event": "progress", "case": "m6-200000", "segment": 11, "command_kind": "encode_rows", "layer": 16, "offset": 8192, "rows": 8192, "absolute_start": 188416, "C": 0, "E": 180224, "D": 0, "T": 200000, "monotonic": 165843.101356541}
{"event": "progress", "case": "m6-200000", "segment": 11, "command_kind": "end_layer", "layer": 16, "offset": 0, "rows": 16384, "absolute_start": null, "C": 0, "E": 180224, "D": 0, "T": 200000, "monotonic": 165843.1013955}
{"event": "progress", "case": "m6-200000", "segment": 11, "command_kind": "encode_rows", "layer": 17, "offset": 0, "rows": 8192, "absolute_start": 180224, "C": 0, "E": 180224, "D": 0, "T": 200000, "monotonic": 165843.101610083}
{"event": "progress", "case": "m6-200000", "segment": 11, "command_kind": "encode_rows", "layer": 17, "offset": 8192, "rows": 8192, "absolute_start": 188416, "C": 0, "E": 180224, "D": 0, "T": 200000, "monotonic": 165843.101800583}
{"event": "progress", "case": "m6-200000", "segment": 11, "command_kind": "end_layer", "layer": 17, "offset": 0, "rows": 16384, "absolute_start": null, "C": 0, "E": 180224, "D": 0, "T": 200000, "monotonic": 165843.101839458}
{"event": "progress", "case": "m6-200000", "segment": 11, "command_kind": "encode_rows", "layer": 18, "offset": 0, "rows": 8192, "absolute_start": 180224, "C": 0, "E": 180224, "D": 0, "T": 200000, "monotonic": 165843.102055083}
{"event": "progress", "case": "m6-200000", "segment": 11, "command_kind": "encode_rows", "layer": 18, "offset": 8192, "rows": 8192, "absolute_start": 188416, "C": 0, "E": 180224, "D": 0, "T": 200000, "monotonic": 165843.10224675}
{"event": "progress", "case": "m6-200000", "segment": 11, "command_kind": "end_layer", "layer": 18, "offset": 0, "rows": 16384, "absolute_start": null, "C": 0, "E": 180224, "D": 0, "T": 200000, "monotonic": 165843.102285125}
{"event": "progress", "case": "m6-200000", "segment": 11, "command_kind": "encode_rows", "layer": 19, "offset": 0, "rows": 8192, "absolute_start": 180224, "C": 0, "E": 180224, "D": 0, "T": 200000, "monotonic": 165843.102503375}
{"event": "progress", "case": "m6-200000", "segment": 11, "command_kind": "encode_rows", "layer": 19, "offset": 8192, "rows": 8192, "absolute_start": 188416, "C": 0, "E": 180224, "D": 0, "T": 200000, "monotonic": 165843.10268975}
{"event": "progress", "case": "m6-200000", "segment": 11, "command_kind": "end_layer", "layer": 19, "offset": 0, "rows": 16384, "absolute_start": null, "C": 0, "E": 180224, "D": 0, "T": 200000, "monotonic": 165843.10272825}
{"event": "progress", "case": "m6-200000", "segment": 11, "command_kind": "p6_source_complete_and_detach_cone", "layer": null, "offset": 13843, "rows": 2541, "absolute_start": null, "C": 0, "E": 180224, "D": 0, "T": 200000, "monotonic": 165847.601500125}
{"event": "progress", "case": "m6-200000", "segment": 11, "command_kind": "encode_rows", "layer": 20, "offset": 13970, "rows": 2414, "absolute_start": 194194, "C": 0, "E": 180224, "D": 0, "T": 200000, "monotonic": 165848.277460708}
{"event": "progress", "case": "m6-200000", "segment": 11, "command_kind": "end_layer", "layer": 20, "offset": 13970, "rows": 2414, "absolute_start": null, "C": 0, "E": 180224, "D": 0, "T": 200000, "monotonic": 165848.277562791}
{"event": "progress", "case": "m6-200000", "segment": 11, "command_kind": "encode_rows", "layer": 21, "offset": 14097, "rows": 2287, "absolute_start": 194321, "C": 0, "E": 180224, "D": 0, "T": 200000, "monotonic": 165848.278647}
{"event": "progress", "case": "m6-200000", "segment": 11, "command_kind": "end_layer", "layer": 21, "offset": 14097, "rows": 2287, "absolute_start": null, "C": 0, "E": 180224, "D": 0, "T": 200000, "monotonic": 165848.278693583}
{"event": "progress", "case": "m6-200000", "segment": 11, "command_kind": "encode_rows", "layer": 22, "offset": 14224, "rows": 2160, "absolute_start": 194448, "C": 0, "E": 180224, "D": 0, "T": 200000, "monotonic": 165848.27962675}
{"event": "progress", "case": "m6-200000", "segment": 11, "command_kind": "end_layer", "layer": 22, "offset": 14224, "rows": 2160, "absolute_start": null, "C": 0, "E": 180224, "D": 0, "T": 200000, "monotonic": 165848.2796755}
{"event": "progress", "case": "m6-200000", "segment": 11, "command_kind": "encode_rows", "layer": 23, "offset": 14351, "rows": 2033, "absolute_start": 194575, "C": 0, "E": 180224, "D": 0, "T": 200000, "monotonic": 165848.280588041}
{"event": "progress", "case": "m6-200000", "segment": 11, "command_kind": "end_layer", "layer": 23, "offset": 14351, "rows": 2033, "absolute_start": null, "C": 0, "E": 180224, "D": 0, "T": 200000, "monotonic": 165848.280631916}
{"event": "progress", "case": "m6-200000", "segment": 11, "command_kind": "encode_rows", "layer": 24, "offset": 14478, "rows": 1906, "absolute_start": 194702, "C": 0, "E": 180224, "D": 0, "T": 200000, "monotonic": 165848.281856208}
{"event": "progress", "case": "m6-200000", "segment": 11, "command_kind": "end_layer", "layer": 24, "offset": 14478, "rows": 1906, "absolute_start": null, "C": 0, "E": 180224, "D": 0, "T": 200000, "monotonic": 165848.281901333}
{"event": "progress", "case": "m6-200000", "segment": 11, "command_kind": "encode_rows", "layer": 25, "offset": 14605, "rows": 1779, "absolute_start": 194829, "C": 0, "E": 180224, "D": 0, "T": 200000, "monotonic": 165848.282786416}
{"event": "progress", "case": "m6-200000", "segment": 11, "command_kind": "end_layer", "layer": 25, "offset": 14605, "rows": 1779, "absolute_start": null, "C": 0, "E": 180224, "D": 0, "T": 200000, "monotonic": 165848.282827041}
{"event": "progress", "case": "m6-200000", "segment": 11, "command_kind": "encode_rows", "layer": 26, "offset": 14732, "rows": 1652, "absolute_start": 194956, "C": 0, "E": 180224, "D": 0, "T": 200000, "monotonic": 165848.283724375}
{"event": "progress", "case": "m6-200000", "segment": 11, "command_kind": "end_layer", "layer": 26, "offset": 14732, "rows": 1652, "absolute_start": null, "C": 0, "E": 180224, "D": 0, "T": 200000, "monotonic": 165848.283765708}
{"event": "progress", "case": "m6-200000", "segment": 11, "command_kind": "encode_rows", "layer": 27, "offset": 14859, "rows": 1525, "absolute_start": 195083, "C": 0, "E": 180224, "D": 0, "T": 200000, "monotonic": 165848.284619958}
{"event": "progress", "case": "m6-200000", "segment": 11, "command_kind": "end_layer", "layer": 27, "offset": 14859, "rows": 1525, "absolute_start": null, "C": 0, "E": 180224, "D": 0, "T": 200000, "monotonic": 165848.284662041}
{"event": "progress", "case": "m6-200000", "segment": 11, "command_kind": "encode_rows", "layer": 28, "offset": 14986, "rows": 1398, "absolute_start": 195210, "C": 0, "E": 180224, "D": 0, "T": 200000, "monotonic": 165848.285845291}
{"event": "progress", "case": "m6-200000", "segment": 11, "command_kind": "end_layer", "layer": 28, "offset": 14986, "rows": 1398, "absolute_start": null, "C": 0, "E": 180224, "D": 0, "T": 200000, "monotonic": 165848.285889083}
{"event": "progress", "case": "m6-200000", "segment": 11, "command_kind": "encode_rows", "layer": 29, "offset": 15113, "rows": 1271, "absolute_start": 195337, "C": 0, "E": 180224, "D": 0, "T": 200000, "monotonic": 165848.286823}
{"event": "progress", "case": "m6-200000", "segment": 11, "command_kind": "end_layer", "layer": 29, "offset": 15113, "rows": 1271, "absolute_start": null, "C": 0, "E": 180224, "D": 0, "T": 200000, "monotonic": 165848.286861958}
{"event": "progress", "case": "m6-200000", "segment": 11, "command_kind": "encode_rows", "layer": 30, "offset": 15240, "rows": 1144, "absolute_start": 195464, "C": 0, "E": 180224, "D": 0, "T": 200000, "monotonic": 165848.287768833}
{"event": "progress", "case": "m6-200000", "segment": 11, "command_kind": "end_layer", "layer": 30, "offset": 15240, "rows": 1144, "absolute_start": null, "C": 0, "E": 180224, "D": 0, "T": 200000, "monotonic": 165848.287811041}
{"event": "progress", "case": "m6-200000", "segment": 11, "command_kind": "encode_rows", "layer": 31, "offset": 15367, "rows": 1017, "absolute_start": 195591, "C": 0, "E": 180224, "D": 0, "T": 200000, "monotonic": 165848.288729708}
{"event": "progress", "case": "m6-200000", "segment": 11, "command_kind": "end_layer", "layer": 31, "offset": 15367, "rows": 1017, "absolute_start": null, "C": 0, "E": 180224, "D": 0, "T": 200000, "monotonic": 165848.288768708}
{"event": "progress", "case": "m6-200000", "segment": 11, "command_kind": "encode_rows", "layer": 32, "offset": 15494, "rows": 890, "absolute_start": 195718, "C": 0, "E": 180224, "D": 0, "T": 200000, "monotonic": 165848.28994525}
{"event": "progress", "case": "m6-200000", "segment": 11, "command_kind": "end_layer", "layer": 32, "offset": 15494, "rows": 890, "absolute_start": null, "C": 0, "E": 180224, "D": 0, "T": 200000, "monotonic": 165848.289991458}
{"event": "progress", "case": "m6-200000", "segment": 11, "command_kind": "encode_rows", "layer": 33, "offset": 15621, "rows": 763, "absolute_start": 195845, "C": 0, "E": 180224, "D": 0, "T": 200000, "monotonic": 165848.290907}
{"event": "progress", "case": "m6-200000", "segment": 11, "command_kind": "end_layer", "layer": 33, "offset": 15621, "rows": 763, "absolute_start": null, "C": 0, "E": 180224, "D": 0, "T": 200000, "monotonic": 165848.290946791}
{"event": "progress", "case": "m6-200000", "segment": 11, "command_kind": "encode_rows", "layer": 34, "offset": 15748, "rows": 636, "absolute_start": 195972, "C": 0, "E": 180224, "D": 0, "T": 200000, "monotonic": 165848.291841666}
{"event": "progress", "case": "m6-200000", "segment": 11, "command_kind": "end_layer", "layer": 34, "offset": 15748, "rows": 636, "absolute_start": null, "C": 0, "E": 180224, "D": 0, "T": 200000, "monotonic": 165848.29188125}
{"event": "progress", "case": "m6-200000", "segment": 11, "command_kind": "encode_rows", "layer": 35, "offset": 15875, "rows": 509, "absolute_start": 196099, "C": 0, "E": 180224, "D": 0, "T": 200000, "monotonic": 165848.292778291}
{"event": "progress", "case": "m6-200000", "segment": 11, "command_kind": "end_layer", "layer": 35, "offset": 15875, "rows": 509, "absolute_start": null, "C": 0, "E": 180224, "D": 0, "T": 200000, "monotonic": 165848.292818708}
{"event": "progress", "case": "m6-200000", "segment": 11, "command_kind": "encode_rows", "layer": 36, "offset": 16002, "rows": 382, "absolute_start": 196226, "C": 0, "E": 180224, "D": 0, "T": 200000, "monotonic": 165848.294028458}
{"event": "progress", "case": "m6-200000", "segment": 11, "command_kind": "end_layer", "layer": 36, "offset": 16002, "rows": 382, "absolute_start": null, "C": 0, "E": 180224, "D": 0, "T": 200000, "monotonic": 165848.294072}
{"event": "progress", "case": "m6-200000", "segment": 11, "command_kind": "encode_rows", "layer": 37, "offset": 16129, "rows": 255, "absolute_start": 196353, "C": 0, "E": 180224, "D": 0, "T": 200000, "monotonic": 165848.294990541}
{"event": "progress", "case": "m6-200000", "segment": 11, "command_kind": "end_layer", "layer": 37, "offset": 16129, "rows": 255, "absolute_start": null, "C": 0, "E": 180224, "D": 0, "T": 200000, "monotonic": 165848.295030458}
{"event": "progress", "case": "m6-200000", "segment": 11, "command_kind": "encode_rows", "layer": 38, "offset": 16256, "rows": 128, "absolute_start": 196480, "C": 0, "E": 180224, "D": 0, "T": 200000, "monotonic": 165848.29596325}
{"event": "progress", "case": "m6-200000", "segment": 11, "command_kind": "end_layer", "layer": 38, "offset": 16256, "rows": 128, "absolute_start": null, "C": 0, "E": 180224, "D": 0, "T": 200000, "monotonic": 165848.296002666}
{"event": "progress", "case": "m6-200000", "segment": 11, "command_kind": "encode_rows", "layer": 39, "offset": 16383, "rows": 1, "absolute_start": 196607, "C": 0, "E": 180224, "D": 0, "T": 200000, "monotonic": 165848.296928666}
{"event": "progress", "case": "m6-200000", "segment": 11, "command_kind": "end_layer", "layer": 39, "offset": 16383, "rows": 1, "absolute_start": null, "C": 0, "E": 180224, "D": 0, "T": 200000, "monotonic": 165848.296969666}
{"segment": {"seq": 11, "mode": "FINAL_ENCODER_DECODER", "start": 180224, "count": 16384, "elapsed_wall_s": 22.714350083988393, "effective_tokens_per_s": 721.3061320010768, "C": 0, "E": 196608, "D": 196608, "T": 200000, "last_completed_command": "end_layer", "last_completed_layer": 39, "records": 286, "p7": {"enabled": true, "prefetch_submissions": 16, "logical_match_consumptions": 16, "donor_observed_consumptions": 16, "fallback_mismatches": 0, "drains": 0, "read_ahead_already_ready": 40}, "source_generations": {"20": 12}, "public_frontiers_head": [0, 0, 0, 0]}}
{"event": "progress", "case": "m6-200000", "segment": 12, "command_kind": "encode_rows", "layer": 0, "offset": 0, "rows": 3392, "absolute_start": 196608, "C": 0, "E": 196608, "D": 196608, "T": 200000, "monotonic": 165848.300180458}
{"event": "progress", "case": "m6-200000", "segment": 12, "command_kind": "end_layer", "layer": 0, "offset": 0, "rows": 3392, "absolute_start": null, "C": 0, "E": 196608, "D": 196608, "T": 200000, "monotonic": 165848.30023275}
{"event": "progress", "case": "m6-200000", "segment": 12, "command_kind": "encode_rows", "layer": 1, "offset": 0, "rows": 3392, "absolute_start": 196608, "C": 0, "E": 196608, "D": 196608, "T": 200000, "monotonic": 165848.565421541}
{"event": "progress", "case": "m6-200000", "segment": 12, "command_kind": "end_layer", "layer": 1, "offset": 0, "rows": 3392, "absolute_start": null, "C": 0, "E": 196608, "D": 196608, "T": 200000, "monotonic": 165848.565592625}
{"event": "progress", "case": "m6-200000", "segment": 12, "command_kind": "encode_rows", "layer": 2, "offset": 0, "rows": 3392, "absolute_start": 196608, "C": 0, "E": 196608, "D": 196608, "T": 200000, "monotonic": 165849.139051041}
{"event": "progress", "case": "m6-200000", "segment": 12, "command_kind": "end_layer", "layer": 2, "offset": 0, "rows": 3392, "absolute_start": null, "C": 0, "E": 196608, "D": 196608, "T": 200000, "monotonic": 165849.13913525}
{"event": "progress", "case": "m6-200000", "segment": 12, "command_kind": "encode_rows", "layer": 3, "offset": 0, "rows": 3392, "absolute_start": 196608, "C": 0, "E": 196608, "D": 196608, "T": 200000, "monotonic": 165849.139399791}
{"event": "progress", "case": "m6-200000", "segment": 12, "command_kind": "end_layer", "layer": 3, "offset": 0, "rows": 3392, "absolute_start": null, "C": 0, "E": 196608, "D": 196608, "T": 200000, "monotonic": 165849.139443916}
{"event": "progress", "case": "m6-200000", "segment": 12, "command_kind": "encode_rows", "layer": 4, "offset": 0, "rows": 3392, "absolute_start": 196608, "C": 0, "E": 196608, "D": 196608, "T": 200000, "monotonic": 165849.139680583}
{"event": "progress", "case": "m6-200000", "segment": 12, "command_kind": "end_layer", "layer": 4, "offset": 0, "rows": 3392, "absolute_start": null, "C": 0, "E": 196608, "D": 196608, "T": 200000, "monotonic": 165849.139720125}
{"event": "progress", "case": "m6-200000", "segment": 12, "command_kind": "encode_rows", "layer": 5, "offset": 0, "rows": 3392, "absolute_start": 196608, "C": 0, "E": 196608, "D": 196608, "T": 200000, "monotonic": 165849.139968208}
{"event": "progress", "case": "m6-200000", "segment": 12, "command_kind": "end_layer", "layer": 5, "offset": 0, "rows": 3392, "absolute_start": null, "C": 0, "E": 196608, "D": 196608, "T": 200000, "monotonic": 165849.140008625}
{"event": "progress", "case": "m6-200000", "segment": 12, "command_kind": "encode_rows", "layer": 6, "offset": 0, "rows": 3392, "absolute_start": 196608, "C": 0, "E": 196608, "D": 196608, "T": 200000, "monotonic": 165849.14024125}
{"event": "progress", "case": "m6-200000", "segment": 12, "command_kind": "end_layer", "layer": 6, "offset": 0, "rows": 3392, "absolute_start": null, "C": 0, "E": 196608, "D": 196608, "T": 200000, "monotonic": 165849.140280958}
{"event": "progress", "case": "m6-200000", "segment": 12, "command_kind": "encode_rows", "layer": 7, "offset": 0, "rows": 3392, "absolute_start": 196608, "C": 0, "E": 196608, "D": 196608, "T": 200000, "monotonic": 165849.140532375}
{"event": "progress", "case": "m6-200000", "segment": 12, "command_kind": "end_layer", "layer": 7, "offset": 0, "rows": 3392, "absolute_start": null, "C": 0, "E": 196608, "D": 196608, "T": 200000, "monotonic": 165849.140569833}
{"event": "progress", "case": "m6-200000", "segment": 12, "command_kind": "encode_rows", "layer": 8, "offset": 0, "rows": 3392, "absolute_start": 196608, "C": 0, "E": 196608, "D": 196608, "T": 200000, "monotonic": 165850.667110166}
{"event": "progress", "case": "m6-200000", "segment": 12, "command_kind": "end_layer", "layer": 8, "offset": 0, "rows": 3392, "absolute_start": null, "C": 0, "E": 196608, "D": 196608, "T": 200000, "monotonic": 165850.667218083}
{"event": "progress", "case": "m6-200000", "segment": 12, "command_kind": "encode_rows", "layer": 9, "offset": 0, "rows": 3392, "absolute_start": 196608, "C": 0, "E": 196608, "D": 196608, "T": 200000, "monotonic": 165850.667577208}
{"event": "progress", "case": "m6-200000", "segment": 12, "command_kind": "end_layer", "layer": 9, "offset": 0, "rows": 3392, "absolute_start": null, "C": 0, "E": 196608, "D": 196608, "T": 200000, "monotonic": 165850.667626541}
{"event": "progress", "case": "m6-200000", "segment": 12, "command_kind": "encode_rows", "layer": 10, "offset": 0, "rows": 3392, "absolute_start": 196608, "C": 0, "E": 196608, "D": 196608, "T": 200000, "monotonic": 165850.66788775}
{"event": "progress", "case": "m6-200000", "segment": 12, "command_kind": "end_layer", "layer": 10, "offset": 0, "rows": 3392, "absolute_start": null, "C": 0, "E": 196608, "D": 196608, "T": 200000, "monotonic": 165850.667934333}
{"event": "progress", "case": "m6-200000", "segment": 12, "command_kind": "encode_rows", "layer": 11, "offset": 0, "rows": 3392, "absolute_start": 196608, "C": 0, "E": 196608, "D": 196608, "T": 200000, "monotonic": 165850.668187625}
{"event": "progress", "case": "m6-200000", "segment": 12, "command_kind": "end_layer", "layer": 11, "offset": 0, "rows": 3392, "absolute_start": null, "C": 0, "E": 196608, "D": 196608, "T": 200000, "monotonic": 165850.668232333}
{"event": "progress", "case": "m6-200000", "segment": 12, "command_kind": "encode_rows", "layer": 12, "offset": 0, "rows": 3392, "absolute_start": 196608, "C": 0, "E": 196608, "D": 196608, "T": 200000, "monotonic": 165850.668477291}
{"event": "progress", "case": "m6-200000", "segment": 12, "command_kind": "end_layer", "layer": 12, "offset": 0, "rows": 3392, "absolute_start": null, "C": 0, "E": 196608, "D": 196608, "T": 200000, "monotonic": 165850.668520375}
{"event": "progress", "case": "m6-200000", "segment": 12, "command_kind": "encode_rows", "layer": 13, "offset": 0, "rows": 3392, "absolute_start": 196608, "C": 0, "E": 196608, "D": 196608, "T": 200000, "monotonic": 165850.668760666}
{"event": "progress", "case": "m6-200000", "segment": 12, "command_kind": "end_layer", "layer": 13, "offset": 0, "rows": 3392, "absolute_start": null, "C": 0, "E": 196608, "D": 196608, "T": 200000, "monotonic": 165850.66880225}
{"event": "progress", "case": "m6-200000", "segment": 12, "command_kind": "encode_rows", "layer": 14, "offset": 0, "rows": 3392, "absolute_start": 196608, "C": 0, "E": 196608, "D": 196608, "T": 200000, "monotonic": 165852.360525916}
{"event": "progress", "case": "m6-200000", "segment": 12, "command_kind": "end_layer", "layer": 14, "offset": 0, "rows": 3392, "absolute_start": null, "C": 0, "E": 196608, "D": 196608, "T": 200000, "monotonic": 165852.360621041}
{"event": "progress", "case": "m6-200000", "segment": 12, "command_kind": "encode_rows", "layer": 15, "offset": 0, "rows": 3392, "absolute_start": 196608, "C": 0, "E": 196608, "D": 196608, "T": 200000, "monotonic": 165852.360893833}
{"event": "progress", "case": "m6-200000", "segment": 12, "command_kind": "end_layer", "layer": 15, "offset": 0, "rows": 3392, "absolute_start": null, "C": 0, "E": 196608, "D": 196608, "T": 200000, "monotonic": 165852.360938}
{"event": "progress", "case": "m6-200000", "segment": 12, "command_kind": "encode_rows", "layer": 16, "offset": 0, "rows": 3392, "absolute_start": 196608, "C": 0, "E": 196608, "D": 196608, "T": 200000, "monotonic": 165852.361164583}
{"event": "progress", "case": "m6-200000", "segment": 12, "command_kind": "end_layer", "layer": 16, "offset": 0, "rows": 3392, "absolute_start": null, "C": 0, "E": 196608, "D": 196608, "T": 200000, "monotonic": 165852.361205}
{"event": "progress", "case": "m6-200000", "segment": 12, "command_kind": "encode_rows", "layer": 17, "offset": 0, "rows": 3392, "absolute_start": 196608, "C": 0, "E": 196608, "D": 196608, "T": 200000, "monotonic": 165852.361422291}
{"event": "progress", "case": "m6-200000", "segment": 12, "command_kind": "end_layer", "layer": 17, "offset": 0, "rows": 3392, "absolute_start": null, "C": 0, "E": 196608, "D": 196608, "T": 200000, "monotonic": 165852.361461791}
{"event": "progress", "case": "m6-200000", "segment": 12, "command_kind": "encode_rows", "layer": 18, "offset": 0, "rows": 3392, "absolute_start": 196608, "C": 0, "E": 196608, "D": 196608, "T": 200000, "monotonic": 165852.36167725}
{"event": "progress", "case": "m6-200000", "segment": 12, "command_kind": "end_layer", "layer": 18, "offset": 0, "rows": 3392, "absolute_start": null, "C": 0, "E": 196608, "D": 196608, "T": 200000, "monotonic": 165852.361715625}
{"event": "progress", "case": "m6-200000", "segment": 12, "command_kind": "encode_rows", "layer": 19, "offset": 0, "rows": 3392, "absolute_start": 196608, "C": 0, "E": 196608, "D": 196608, "T": 200000, "monotonic": 165852.361927583}
{"event": "progress", "case": "m6-200000", "segment": 12, "command_kind": "end_layer", "layer": 19, "offset": 0, "rows": 3392, "absolute_start": null, "C": 0, "E": 196608, "D": 196608, "T": 200000, "monotonic": 165852.361967416}
{"event": "progress", "case": "m6-200000", "segment": 12, "command_kind": "encode_rows", "layer": 20, "offset": 0, "rows": 3392, "absolute_start": 196608, "C": 0, "E": 196608, "D": 196608, "T": 200000, "monotonic": 165854.566617875}
{"event": "progress", "case": "m6-200000", "segment": 12, "command_kind": "end_layer", "layer": 20, "offset": 0, "rows": 3392, "absolute_start": null, "C": 0, "E": 196608, "D": 196608, "T": 200000, "monotonic": 165854.566720125}
{"event": "progress", "case": "m6-200000", "segment": 12, "command_kind": "encode_rows", "layer": 21, "offset": 0, "rows": 3392, "absolute_start": 196608, "C": 0, "E": 196608, "D": 196608, "T": 200000, "monotonic": 165854.56701775}
{"event": "progress", "case": "m6-200000", "segment": 12, "command_kind": "end_layer", "layer": 21, "offset": 0, "rows": 3392, "absolute_start": null, "C": 0, "E": 196608, "D": 196608, "T": 200000, "monotonic": 165854.567064375}
{"event": "progress", "case": "m6-200000", "segment": 12, "command_kind": "encode_rows", "layer": 22, "offset": 0, "rows": 3392, "absolute_start": 196608, "C": 0, "E": 196608, "D": 196608, "T": 200000, "monotonic": 165854.56730575}
{"event": "progress", "case": "m6-200000", "segment": 12, "command_kind": "end_layer", "layer": 22, "offset": 0, "rows": 3392, "absolute_start": null, "C": 0, "E": 196608, "D": 196608, "T": 200000, "monotonic": 165854.567346541}
{"event": "progress", "case": "m6-200000", "segment": 12, "command_kind": "encode_rows", "layer": 23, "offset": 0, "rows": 3392, "absolute_start": 196608, "C": 0, "E": 196608, "D": 196608, "T": 200000, "monotonic": 165854.567578833}
{"event": "progress", "case": "m6-200000", "segment": 12, "command_kind": "end_layer", "layer": 23, "offset": 0, "rows": 3392, "absolute_start": null, "C": 0, "E": 196608, "D": 196608, "T": 200000, "monotonic": 165854.567619125}
{"event": "progress", "case": "m6-200000", "segment": 12, "command_kind": "encode_rows", "layer": 24, "offset": 0, "rows": 3392, "absolute_start": 196608, "C": 0, "E": 196608, "D": 196608, "T": 200000, "monotonic": 165854.567922125}
{"event": "progress", "case": "m6-200000", "segment": 12, "command_kind": "end_layer", "layer": 24, "offset": 0, "rows": 3392, "absolute_start": null, "C": 0, "E": 196608, "D": 196608, "T": 200000, "monotonic": 165854.567964791}
{"event": "progress", "case": "m6-200000", "segment": 12, "command_kind": "encode_rows", "layer": 25, "offset": 0, "rows": 3392, "absolute_start": 196608, "C": 0, "E": 196608, "D": 196608, "T": 200000, "monotonic": 165854.568191041}
{"event": "progress", "case": "m6-200000", "segment": 12, "command_kind": "end_layer", "layer": 25, "offset": 0, "rows": 3392, "absolute_start": null, "C": 0, "E": 196608, "D": 196608, "T": 200000, "monotonic": 165854.568229958}
{"event": "progress", "case": "m6-200000", "segment": 12, "command_kind": "encode_rows", "layer": 26, "offset": 0, "rows": 3392, "absolute_start": 196608, "C": 0, "E": 196608, "D": 196608, "T": 200000, "monotonic": 165854.568457541}
{"event": "progress", "case": "m6-200000", "segment": 12, "command_kind": "end_layer", "layer": 26, "offset": 0, "rows": 3392, "absolute_start": null, "C": 0, "E": 196608, "D": 196608, "T": 200000, "monotonic": 165854.568495541}
{"event": "progress", "case": "m6-200000", "segment": 12, "command_kind": "encode_rows", "layer": 27, "offset": 0, "rows": 3392, "absolute_start": 196608, "C": 0, "E": 196608, "D": 196608, "T": 200000, "monotonic": 165854.5687255}
{"event": "progress", "case": "m6-200000", "segment": 12, "command_kind": "end_layer", "layer": 27, "offset": 0, "rows": 3392, "absolute_start": null, "C": 0, "E": 196608, "D": 196608, "T": 200000, "monotonic": 165854.568764}
{"event": "progress", "case": "m6-200000", "segment": 12, "command_kind": "encode_rows", "layer": 28, "offset": 0, "rows": 3392, "absolute_start": 196608, "C": 0, "E": 196608, "D": 196608, "T": 200000, "monotonic": 165854.569039}
{"event": "progress", "case": "m6-200000", "segment": 12, "command_kind": "end_layer", "layer": 28, "offset": 0, "rows": 3392, "absolute_start": null, "C": 0, "E": 196608, "D": 196608, "T": 200000, "monotonic": 165854.56908125}
{"event": "progress", "case": "m6-200000", "segment": 12, "command_kind": "encode_rows", "layer": 29, "offset": 0, "rows": 3392, "absolute_start": 196608, "C": 0, "E": 196608, "D": 196608, "T": 200000, "monotonic": 165854.569371375}
{"event": "progress", "case": "m6-200000", "segment": 12, "command_kind": "end_layer", "layer": 29, "offset": 0, "rows": 3392, "absolute_start": null, "C": 0, "E": 196608, "D": 196608, "T": 200000, "monotonic": 165854.569409125}
{"event": "progress", "case": "m6-200000", "segment": 12, "command_kind": "encode_rows", "layer": 30, "offset": 0, "rows": 3392, "absolute_start": 196608, "C": 0, "E": 196608, "D": 196608, "T": 200000, "monotonic": 165854.569665125}
{"event": "progress", "case": "m6-200000", "segment": 12, "command_kind": "end_layer", "layer": 30, "offset": 0, "rows": 3392, "absolute_start": null, "C": 0, "E": 196608, "D": 196608, "T": 200000, "monotonic": 165854.569704166}
{"event": "progress", "case": "m6-200000", "segment": 12, "command_kind": "encode_rows", "layer": 31, "offset": 0, "rows": 3392, "absolute_start": 196608, "C": 0, "E": 196608, "D": 196608, "T": 200000, "monotonic": 165854.569982958}
{"event": "progress", "case": "m6-200000", "segment": 12, "command_kind": "end_layer", "layer": 31, "offset": 0, "rows": 3392, "absolute_start": null, "C": 0, "E": 196608, "D": 196608, "T": 200000, "monotonic": 165854.570020958}
{"event": "progress", "case": "m6-200000", "segment": 12, "command_kind": "encode_rows", "layer": 32, "offset": 0, "rows": 3392, "absolute_start": 196608, "C": 0, "E": 196608, "D": 196608, "T": 200000, "monotonic": 165854.570398083}
{"event": "progress", "case": "m6-200000", "segment": 12, "command_kind": "end_layer", "layer": 32, "offset": 0, "rows": 3392, "absolute_start": null, "C": 0, "E": 196608, "D": 196608, "T": 200000, "monotonic": 165854.570442125}
{"event": "progress", "case": "m6-200000", "segment": 12, "command_kind": "encode_rows", "layer": 33, "offset": 0, "rows": 3392, "absolute_start": 196608, "C": 0, "E": 196608, "D": 196608, "T": 200000, "monotonic": 165854.570718291}
{"event": "progress", "case": "m6-200000", "segment": 12, "command_kind": "end_layer", "layer": 33, "offset": 0, "rows": 3392, "absolute_start": null, "C": 0, "E": 196608, "D": 196608, "T": 200000, "monotonic": 165854.570757083}
{"event": "progress", "case": "m6-200000", "segment": 12, "command_kind": "encode_rows", "layer": 34, "offset": 0, "rows": 3392, "absolute_start": 196608, "C": 0, "E": 196608, "D": 196608, "T": 200000, "monotonic": 165854.571035833}
{"event": "progress", "case": "m6-200000", "segment": 12, "command_kind": "end_layer", "layer": 34, "offset": 0, "rows": 3392, "absolute_start": null, "C": 0, "E": 196608, "D": 196608, "T": 200000, "monotonic": 165854.571075208}
{"event": "progress", "case": "m6-200000", "segment": 12, "command_kind": "encode_rows", "layer": 35, "offset": 0, "rows": 3392, "absolute_start": 196608, "C": 0, "E": 196608, "D": 196608, "T": 200000, "monotonic": 165854.571338666}
{"event": "progress", "case": "m6-200000", "segment": 12, "command_kind": "end_layer", "layer": 35, "offset": 0, "rows": 3392, "absolute_start": null, "C": 0, "E": 196608, "D": 196608, "T": 200000, "monotonic": 165854.571376166}
{"event": "progress", "case": "m6-200000", "segment": 12, "command_kind": "encode_rows", "layer": 36, "offset": 0, "rows": 3392, "absolute_start": 196608, "C": 0, "E": 196608, "D": 196608, "T": 200000, "monotonic": 165854.571686125}
{"event": "progress", "case": "m6-200000", "segment": 12, "command_kind": "end_layer", "layer": 36, "offset": 0, "rows": 3392, "absolute_start": null, "C": 0, "E": 196608, "D": 196608, "T": 200000, "monotonic": 165854.571728916}
{"event": "progress", "case": "m6-200000", "segment": 12, "command_kind": "encode_rows", "layer": 37, "offset": 0, "rows": 3392, "absolute_start": 196608, "C": 0, "E": 196608, "D": 196608, "T": 200000, "monotonic": 165854.571986708}
{"event": "progress", "case": "m6-200000", "segment": 12, "command_kind": "end_layer", "layer": 37, "offset": 0, "rows": 3392, "absolute_start": null, "C": 0, "E": 196608, "D": 196608, "T": 200000, "monotonic": 165854.572024791}
{"event": "progress", "case": "m6-200000", "segment": 12, "command_kind": "encode_rows", "layer": 38, "offset": 0, "rows": 3392, "absolute_start": 196608, "C": 0, "E": 196608, "D": 196608, "T": 200000, "monotonic": 165854.572280541}
{"event": "progress", "case": "m6-200000", "segment": 12, "command_kind": "end_layer", "layer": 38, "offset": 0, "rows": 3392, "absolute_start": null, "C": 0, "E": 196608, "D": 196608, "T": 200000, "monotonic": 165854.572319083}
{"event": "progress", "case": "m6-200000", "segment": 12, "command_kind": "encode_rows", "layer": 39, "offset": 0, "rows": 3392, "absolute_start": 196608, "C": 0, "E": 196608, "D": 196608, "T": 200000, "monotonic": 165854.57257625}
{"event": "progress", "case": "m6-200000", "segment": 12, "command_kind": "end_layer", "layer": 39, "offset": 0, "rows": 3392, "absolute_start": null, "C": 0, "E": 196608, "D": 196608, "T": 200000, "monotonic": 165854.572615583}
{"segment": {"seq": 12, "mode": "ORDINARY_COMPLETE_RANGE", "start": 196608, "count": 3392, "elapsed_wall_s": 6.27565304201562, "effective_tokens_per_s": 540.5015186930339, "C": 0, "E": 200000, "D": 200000, "T": 200000, "last_completed_command": "end_layer", "last_completed_layer": 39, "records": 243, "p7": {"enabled": true, "prefetch_submissions": 4, "logical_match_consumptions": 4, "donor_observed_consumptions": 4, "fallback_mismatches": 0, "drains": 0, "read_ahead_already_ready": 40}, "source_generations": {"20": 12}, "public_frontiers_head": [0, 0, 0, 0]}}
{"event": "progress", "mode": "m6-200000", "count": 200000, "stage": "prefill-done", "elapsed_wall_s": 242.88148545799777}
{"event": "progress", "stage": "200k-continuation-complete", "frontier": 200050, "decode_tok_s": 18.725310575732596}
{"status": "PASS", "m6_decision": "M6_PERFORMANCE_QUALIFIED_200K", "out": "artifacts/m20/release-200k-endpoint.json"}
{
  "supervisor": {
    "status": "PASS",
    "reason": null,
    "last_progress": {
      "event": "progress",
      "stage": "200k-continuation-complete",
      "frontier": 200050,
      "decode_tok_s": 18.725310575732596
    },
    "elapsed_wall_s": 318.8212152500055,
    "returncode": 0
  }
}
